,School_Code,STAR_Score_18,STAR_Rating_18,STAR_Score_19,STAR_Rating_19,schoolname,level,schtype_raw_DC,Dist_Code,distname,pp_total_raw_DC_1819,pp_site_raw_DC_1819,pp_centshare_raw_DC_1819,schoolstloc_raw_DC_1819,enroll_raw_DC_1819,pp_total_raw_DC_1920,pp_site_raw_DC_1920,pp_centshare_raw_DC_1920,schoolstloc_raw_DC_1920,enroll_raw_DC_1920,pp_total_raw_DC_inc(%),pp_total_raw_DC_inc,pp_site_raw_DC_inc(%),pp_site_raw_DC_inc,pp_centshare_raw_DC_inc(%),pp_centshare_raw_DC_inc,schoolstloc_raw_DC_inc(%),schoolstloc_raw_DC_inc,enroll_raw_DC_inc(%),enroll_raw_DC_inc,Ward,Total_Count_of_Students,diversity_At-Risk_(%),"diversity_Socieconomic_Diversity_Score,_2018-19_(%)","diversity_Socieconomic_Diversity_Score,_2016-17_(%)","diversity_Change_in_Socieconomic_Diversity_Score,_from_2016-17_to_2018-19_(percentage_points)",diversity_risk_level
0,102,35.63,2,38.37,2,Cesar Chavez PCS for Public Policy - Parkside Middle School,3.0,Charter,109,Cesar Chavez PCS for Public Policy,27908.0,26083.0,1826.0,3488723.0,133.0,32651.0,32651.0,0.0,1642860.0,60.0,-0.14526354476126302,-4743.0,-0.2011576980796913,-6568.0,inf,1826.0,1.1235668285794285,1845863.0,1.2166666666666668,73.0,7,133,75,25,28.41726541519165,-3.4172654151916504,4
1,109,47.68,3,39.89,2,Cesar Chavez PCS for Public Policy - Parkside High School,4.0,Charter,109,Cesar Chavez PCS for Public Policy,28872.0,25912.0,2959.0,9171400.0,350.0,32651.0,32651.0,0.0,10725723.0,369.0,-0.11573918103580294,-3779.0,-0.20639490367829472,-6739.0,inf,2959.0,-0.14491545231962455,-1554323.0,-0.051490514905149,-19.0,7,360,66,34,37.32590675354004,-3.325906753540039,4
2,113,35.96,2,57.43,3,Friendship PCS - Southeast Elementary School,2.0,Charter,120,Friendship PCS,18680.0,15767.0,2913.0,6524625.0,411.0,19996.0,17167.0,2829.0,6493932.0,393.0,-0.06581316263252646,-1316.0,-0.08155181452787319,-1400.0,0.02969247083775195,84.0,0.004726412287655579,30693.0,0.04580152671755733,18.0,8,415,73,27,28.75226140022278,-1.7522614002227783,4
3,114,51.4,3,44.31,3,Hope Community PCS - Tolson,3.0,Charter,121,Hope Community PCS,24434.0,21802.0,2633.0,10579680.0,465.0,21910.0,19256.0,2654.0,9838675.0,475.0,0.11519853947968972,2524.0,0.13221852928957212,2546.0,-0.007912584777694076,-21.0,0.07531552775145034,741005.0,-0.021052631578947323,-10.0,5,485,60,40,46.167558431625366,-6.167558431625366,4
4,115,34.53,2,38.57,2,Howard University Middle School of Mathematics and Science PCS,3.0,Charter,124,Howard University Middle School of Mathematics and Science PCS,24485.0,,,6505887.0,283.0,24982.0,,,6608610.0,291.0,-0.01989432391321755,-497.0,,,,,-0.015543813298106612,-102723.0,-0.027491408934707917,-8.0,1,286,47,47,45.32374143600464,1.6762585639953613,3
5,116,45.89,3,60.79,4,KIPP DC - AIM Academy PCS,3.0,Charter,129,KIPP DC PCS,19210.0,16782.0,2428.0,6663422.0,391.0,22301.0,18716.0,3586.0,8224895.0,413.0,-0.13860365006053543,-3091.0,-0.10333404573626848,-1934.0,-0.32292247629670945,-1158.0,-0.18984716522217004,-1561473.0,-0.053268765133171914,-22.0,8,394,56,44,45.57640552520752,-1.5764055252075195,3
6,121,59.22,3,67.25,4,KIPP DC - WILL Academy PCS,3.0,Charter,129,KIPP DC PCS,19991.0,17564.0,2428.0,5878416.0,328.0,21207.0,17622.0,3586.0,6405535.0,335.0,-0.05733955769321453,-1216.0,-0.003291340369992013,-58.0,-0.32292247629670945,-1158.0,-0.08229117474184433,-527119.0,-0.020895522388059695,-7.0,6,337,46,46,38.4393036365509,7.560696363449097,3
7,125,74.54,4,74.66,4,Washington Latin PCS - Middle School,3.0,Charter,151,Washington Latin PCS,16829.0,16829.0,0.0,6069480.0,370.0,18664.0,18664.0,0.0,6904863.0,381.0,-0.09831761680240036,-1835.0,-0.09831761680240036,-1835.0,,0.0,-0.12098473206492288,-835383.0,-0.02887139107611547,-11.0,4,374,7,7,3.0386745929718018,3.9613254070281982,1
8,130,68.5,4,68.25,4,DC Prep PCS - Edgewood Elementary School,2.0,Charter,115,DC Prep PCS,19194.0,15740.0,3453.0,7856871.0,451.0,19853.0,16603.0,3250.0,8151364.0,442.0,-0.03319397572155347,-659.0,-0.0519785580919111,-863.0,0.06246153846153857,203.0,-0.03612806396573631,-294493.0,0.020361990950226172,9.0,5,457,41,41,40.715885162353516,0.2841148376464844,3
9,131,52.71,3,40.78,3,Hope Community PCS - Lamond,2.0,Charter,121,Hope Community PCS,23695.0,21124.0,2571.0,6130512.0,276.0,28322.0,25619.0,2703.0,6320808.0,234.0,-0.16337123084527927,-4627.0,-0.17545571646043956,-4495.0,-0.04883462819089901,-132.0,-0.03010627755185724,-190296.0,0.17948717948717952,42.0,4,294,52,48,40.80997109413147,7.19002890586853,3
10,135,53.14,3,41.05,3,Mary McLeod Bethune Day Academy PCS,3.0,Charter,132,Mary McLeod Bethune Day Academy PCS,21661.0,,,8075389.0,413.0,18839.0,,,7302249.0,423.0,0.14979563671107798,2822.0,,,,,0.10587697023204767,773140.0,-0.023640661938534313,-10.0,5,442,48,48,42.53731369972229,5.46268630027771,3
11,138,50.51,3,29.44,2,Early Childhood Academy PCS,2.0,Charter,118,Early Childhood Academy PCS,23318.0,,,4674362.0,254.0,23681.0,,,6234945.0,285.0,-0.01532874456315192,-363.0,,,,,-0.25029619347083254,-1560583.0,-0.10877192982456141,-31.0,8,261,74,26,28.820961713790894,-2.8209617137908936,4
12,142,30.05,2,40.32,3,Bridges PCS,2.0,Charter,107,Bridges PCS,29446.0,,,11299100.0,412.0,28611.0,,,10810776.0,408.0,0.02918457935758978,835.0,,,,,0.04517011544777172,488324.0,0.009803921568627416,4.0,5,426,36,36,32.31707215309143,3.6829278469085693,2
13,146,48.87,3,48.7,3,E.L. Haynes PCS - Middle School,3.0,Charter,116,E.L. Haynes PCS,20871.0,18076.0,2795.0,6864156.0,351.0,20374.0,17093.0,3281.0,6716512.0,352.0,0.02439383528025907,497.0,0.05750892178084599,983.0,-0.14812557147211214,-486.0,0.02198224316430908,147644.0,-0.0028409090909090606,-1.0,1,360,38,38,40.51724076271057,-2.5172407627105713,2
14,159,49.75,3,59.7,3,Elsie Whitlow Stokes Community Freedom PCS - Brookland,2.0,Charter,144,Elsie Whitlow Stokes Community Freedom PCS,16482.0,14564.0,1918.0,5216400.0,350.0,21083.0,17704.0,3379.0,7010185.0,355.0,-0.2182326993312147,-4601.0,-0.17736104835065525,-3140.0,-0.4323764427345368,-1461.0,-0.2558826906850532,-1793785.0,-0.014084507042253502,-5.0,5,352,11,11,12.857145071029663,-1.857145071029663,1
15,161,55.49,3,57.66,3,Perry Street Preparatory PCS,3.0,Charter,125,Perry Street Preparatory PCS,23572.0,,,7983718.0,367.0,23972.0,,,8824704.0,402.0,-0.01668613382279327,-400.0,,,,,-0.09529906045573877,-840986.0,-0.08706467661691542,-35.0,5,382,54,46,48.69281053543091,-2.692810535430908,3
16,163,27.43,2,43.01,3,IDEA PCS,4.0,Charter,126,IDEA PCS,25505.0,,,7607001.0,327.0,28450.0,,,7577002.0,289.0,-0.1035149384885764,-2945.0,,,,,0.003959217643073165,29999.0,0.13148788927335642,38.0,7,335,69,31,35.49618124961853,-4.49618124961853,4
17,165,58.12,3,39.65,2,Meridian PCS,3.0,Charter,135,Meridian PCS,20487.0,,,12108762.0,642.0,22231.0,,,11977528.0,634.0,-0.07844901264000714,-1744.0,,,,,0.010956684885228496,131234.0,0.012618296529968376,8.0,1,672,49,49,44.21965479850769,4.78034520149231,3
18,170,31.32,2,50.98,3,Paul PCS - Middle School,3.0,Charter,138,Paul PCS,23945.0,11153.0,12792.0,5997180.0,262.0,19337.0,17337.0,2000.0,5902400.0,320.0,0.23829963282825672,4608.0,-0.3566937763165484,-6184.0,5.396,10792.0,0.0160578747628084,94780.0,-0.18125000000000002,-58.0,4,267,37,37,34.29751992225647,2.7024800777435303,2
19,173,28.42,2,33.89,2,Roots PCS,2.0,Charter,140,Roots PCS,20026.0,,,1981511.0,109.0,19340.0,,,2172360.0,120.0,0.03547052740434342,686.0,,,,,-0.08785330239923406,-190849.0,-0.09166666666666667,-11.0,4,112,54,46,41.525423526763916,4.474576473236084,3
20,174,38.24,2,42.92,3,SEED PCS of Washington DC,4.0,Charter,142,SEED PCS of Washington DC,47671.0,,,13538564.0,284.0,49334.0,,,11692158.0,237.0,-0.0337090039323793,-1663.0,,,,,0.15791832440170572,1846406.0,0.19831223628691985,47.0,7,290,62,38,36.01108193397522,1.9889180660247803,4
21,175,88.55,5,88.26,5,School-Within-School @ Goding,2.0,DCPS,1,District of Columbia Public Schools,20573.0,13698.0,6875.0,5871567.0,313.0,21674.0,15477.0,6198.0,6270894.0,317.0,-0.05079819138137864,-1101.0,-0.11494475673580151,-1779.0,0.10922878347854148,677.0,-0.06367943709461521,-399327.0,-0.012618296529968487,-4.0,6,320,5,5,4.234528541564941,0.7654714584350586,1
22,182,53.85,3,61.87,4,Capital City PCS - Middle School,3.0,Charter,108,Capital City PCS,25724.0,20910.0,4814.0,8062110.0,335.0,27133.0,22208.0,4925.0,8480178.0,333.0,-0.05192938488187815,-1409.0,-0.05844740634005763,-1298.0,-0.022538071065989818,-111.0,-0.04929943687502791,-418068.0,0.006006006006006093,2.0,4,337,29,29,29.538458585739136,-0.5384585857391357,2
23,184,52.32,3,40.87,3,Capital City PCS - Lower School,2.0,Charter,108,Capital City PCS,27671.0,22493.0,5178.0,8361824.0,323.0,27133.0,22208.0,4925.0,8225518.0,323.0,0.01982825341834671,538.0,0.012833213256484122,285.0,0.051370558375634534,253.0,0.01657111442707926,136306.0,0.0,0.0,4,330,35,35,28.30769419670105,6.69230580329895,2
24,186,34.52,2,44.53,3,Friendship PCS - Collegiate Academy,4.0,Charter,120,Friendship PCS,23509.0,20596.0,2913.0,11255209.0,553.0,25499.0,22670.0,2829.0,11689588.0,508.0,-0.07804227616769288,-1990.0,-0.09148654609616236,-2074.0,0.02969247083775195,84.0,-0.03715947901671124,-434379.0,0.0885826771653544,45.0,7,573,59,41,43.54194402694702,-2.5419440269470215,3
25,189,50.15,3,53.76,3,KIPP DC - KEY Academy PCS,3.0,Charter,129,KIPP DC PCS,19265.0,16837.0,2428.0,5799096.0,337.0,20992.0,17407.0,3586.0,6653410.0,355.0,-0.08226943597560976,-1727.0,-0.032745447233871405,-570.0,-0.32292247629670945,-1158.0,-0.12840242822853243,-854314.0,-0.05070422535211272,-18.0,7,341,47,47,44.21365261077881,2.7863473892211914,3
26,190,76.58,4,47.3,3,KIPP DC - Lead Academy PCS,2.0,Charter,129,KIPP DC PCS,17266.0,14838.0,2428.0,6083200.0,400.0,20056.0,16471.0,3586.0,7391835.0,411.0,-0.13911049062624647,-2790.0,-0.09914394997267928,-1633.0,-0.32292247629670945,-1158.0,-0.17703790736670932,-1308635.0,-0.02676399026763987,-11.0,6,414,47,47,40.909093618392944,6.090906381607056,3
27,191,64.93,4,63.09,4,Thurgood Marshall Academy PCS,4.0,Charter,146,Thurgood Marshall Academy PCS,20402.0,,,7310408.0,392.0,21136.0,,,7279580.0,385.0,-0.03472747918243757,-734.0,,,,,0.004234859703444505,30828.0,0.018181818181818077,7.0,8,398,54,46,43.29897165298462,2.701028347015381,3
28,193,67.42,4,71.73,4,Latin American Montessori Bilingual PCS,2.0,Charter,130,Latin American Montessori Bilingual PCS,18933.0,,,8691760.0,476.0,23157.0,,,9406712.0,476.0,-0.1824070475450188,-4224.0,,,,,-0.076004452990588,-714952.0,0.0,0.0,4,479,8,8,9.859156608581543,-1.859156608581543,1
29,195,16.0,1,31.52,2,Eagle Academy PCS - Congress Heights,2.0,Charter,117,Eagle Academy PCS,26862.0,24059.0,2803.0,15752836.0,682.0,28572.0,25005.0,3567.0,16811865.0,665.0,-0.05984880302393947,-1710.0,-0.03783243351329735,-946.0,-0.21418559013176341,-764.0,-0.0629929517040495,-1059029.0,0.02556390977443601,17.0,8,708,69,31,34.05994772911072,-3.0599477291107178,4
30,196,68.53,4,77.9,4,DC Prep PCS - Edgewood Middle School,3.0,Charter,115,DC Prep PCS,20193.0,16740.0,3453.0,6233442.0,334.0,20413.0,17163.0,3250.0,6492867.0,339.0,-0.010777445745358327,-220.0,-0.024646040901940225,-423.0,0.06246153846153857,203.0,-0.03995538488621442,-259425.0,-0.014749262536873142,-5.0,5,336,33,33,34.2424213886261,-1.2424213886260986,2
31,197,63.27,4,65.91,4,Sela PCS,2.0,Charter,174,Sela PCS,20086.0,,,4365885.0,229.0,20017.0,,,4589401.0,233.0,0.0034470699905080338,69.0,,,,,-0.04870265204544122,-223516.0,-0.01716738197424894,-4.0,4,232,18,18,21.46892547607422,-3.4689254760742188,1
32,198,67.34,4,66.08,4,Two Rivers PCS - 4th St,3.0,Charter,149,Two Rivers PCS,19593.0,19593.0,0.0,9768000.0,528.0,20775.0,9072.0,11704.0,10393242.0,534.0,-0.05689530685920574,-1182.0,1.1597222222222223,10521.0,-1.0,-11704.0,-0.0601585145424306,-625242.0,-0.011235955056179803,-6.0,6,538,22,22,22.77039885520935,-0.7703988552093506,2
33,199,64.96,4,79.75,4,DC Bilingual PCS,2.0,Charter,114,DC Bilingual PCS,21650.0,,,8695296.0,444.0,25385.0,,,10168491.0,453.0,-0.14713413433129796,-3735.0,,,,,-0.14487842886422375,-1473195.0,-0.019867549668874163,-9.0,5,445,27,27,37.07317113876343,-10.073171138763428,2
34,200,45.2,3,49.51,3,Ingenuity Prep PCS,2.0,Charter,173,Ingenuity Prep PCS,22919.0,,,11750480.0,560.0,23992.0,,,14130571.0,637.0,-0.04472324108036008,-1073.0,,,,,-0.16843558551172488,-2380091.0,-0.1208791208791209,-77.0,8,571,65,35,30.85106611251831,4.1489338874816895,4
35,202,43.85,3,10.79,1,Aiton Elementary School,2.0,DCPS,1,District of Columbia Public Schools,20775.0,13900.0,6875.0,4349788.0,244.0,22344.0,16147.0,6198.0,4316480.0,224.0,-0.07022019334049412,-1569.0,-0.13915897689973367,-2247.0,0.10922878347854148,677.0,0.007716472681444042,33308.0,0.08928571428571419,20.0,7,268,76,24,20.717132091522217,3.282867908477783,4
36,203,36.53,2,48.54,3,Amidon-Bowen Elementary School,2.0,DCPS,1,District of Columbia Public Schools,19992.0,13117.0,6875.0,5969451.0,339.0,21463.0,15265.0,6198.0,6332170.0,335.0,-0.06853655127428593,-1471.0,-0.14071405175237472,-2148.0,0.10922878347854148,677.0,-0.05728194284107979,-362719.0,0.011940298507462588,4.0,6,362,63,37,31.142854690551758,5.857145309448242,4
37,204,76.34,4,83.01,5,Bancroft Elementary School,2.0,DCPS,1,District of Columbia Public Schools,20840.0,13965.0,6875.0,10490067.0,567.0,20499.0,14301.0,6198.0,11166848.0,616.0,0.01663495780281954,341.0,-0.023494860499265746,-336.0,0.10922878347854148,677.0,-0.06060626955789139,-676781.0,-0.07954545454545459,-49.0,1,591,25,25,34.528303146362305,-9.528303146362305,2
38,205,66.46,4,73.18,4,Barnard Elementary School,2.0,DCPS,1,District of Columbia Public Schools,21210.0,14335.0,6875.0,11617560.0,620.0,20881.0,14684.0,6198.0,11738466.0,646.0,0.015755950385518025,329.0,-0.023767365840370425,-349.0,0.10922878347854148,677.0,-0.01029998297903656,-120906.0,-0.04024767801857587,-26.0,4,700,46,46,46.53312563896179,-0.533125638961792,3
39,206,35.32,2,38.68,2,Beers Elementary School,2.0,DCPS,1,District of Columbia Public Schools,20598.0,13723.0,6875.0,8695398.0,489.0,21323.0,15125.0,6198.0,8969275.0,479.0,-0.03400084415888949,-725.0,-0.09269421487603302,-1402.0,0.10922878347854148,677.0,-0.03053502094650906,-273877.0,0.02087682672233826,10.0,7,524,55,45,43.53448152542114,1.4655184745788574,3
40,212,65.64,4,81.49,5,Brent Elementary School,2.0,DCPS,1,District of Columbia Public Schools,16933.0,10058.0,6875.0,6559056.0,432.0,16980.0,10782.0,6198.0,6637156.0,437.0,-0.0027679623085983263,-47.0,-0.06714895195696535,-724.0,0.10922878347854148,677.0,-0.011767088192593311,-78100.0,-0.011441647597253968,-5.0,6,439,4,4,5.940592288970947,-1.9405922889709473,1
41,213,59.87,3,57.15,3,Brightwood Education Campus,3.0,DCPS,1,District of Columbia Public Schools,20682.0,13807.0,6875.0,13943183.0,757.0,22850.0,16653.0,6198.0,14553043.0,713.0,-0.09487964989059083,-2168.0,-0.1709001381132529,-2846.0,0.10922878347854148,677.0,-0.04190601237143321,-609860.0,0.06171107994389913,44.0,4,835,36,36,46.35761380195618,-10.357613801956177,2
42,214,53.82,3,55.34,3,KIPP DC - Spring Academy PCS,2.0,Charter,129,KIPP DC PCS,17759.0,15331.0,2428.0,6412833.0,411.0,20408.0,16822.0,3586.0,7420896.0,409.0,-0.12980203841630733,-2649.0,-0.08863393175603373,-1491.0,-0.32292247629670945,-1158.0,-0.13584114371094813,-1008063.0,0.004889975550122161,2.0,5,422,54,46,45.07462978363037,0.9253702163696289,3
43,217,18.85,1,14.64,1,Achievement Preparatory Academy PCS - Wahler Place Elementary School,2.0,Charter,155,Achievement Preparatory Academy PCS,22085.0,18270.0,3815.0,7525500.0,375.0,19357.0,8764.0,10593.0,6333696.0,384.0,0.14093092937955265,2728.0,1.0846645367412142,9506.0,-0.6398565090153876,-6778.0,0.18816880380744516,1191804.0,-0.0234375,-9.0,8,379,67,33,45.04310488700867,-12.043104887008667,4
44,218,65.5,4,63.44,4,DC Prep PCS - Benning Middle School,3.0,Charter,115,DC Prep PCS,18633.0,15179.0,3453.0,5767674.0,341.0,18701.0,15451.0,3250.0,5910444.0,342.0,-0.0036361691888134873,-68.0,-0.01760403857355508,-272.0,0.06246153846153857,203.0,-0.024155545674741208,-142770.0,-0.0029239766081871066,-1.0,7,345,50,50,44.83985900878906,5.1601409912109375,3
45,219,49.18,3,34.72,2,Bunker Hill Elementary School,,DCPS,1,District of Columbia Public Schools,21933.0,15058.0,6875.0,4207177.0,221.0,22715.0,16518.0,6198.0,4593790.0,230.0,-0.034426590358793696,-782.0,-0.08838842474875896,-1460.0,0.10922878347854148,677.0,-0.08415992024015029,-386613.0,-0.03913043478260869,-9.0,5,259,45,45,45.64102292060852,-0.6410229206085205,3
46,220,58.66,3,62.14,4,Burroughs Elementary School,2.0,DCPS,1,District of Columbia Public Schools,23352.0,16477.0,6875.0,5698329.0,273.0,24377.0,18179.0,6198.0,6107835.0,285.0,-0.042047831972761185,-1025.0,-0.09362451179932885,-1702.0,0.10922878347854148,677.0,-0.06704601548666589,-409506.0,-0.04210526315789476,-12.0,5,301,45,45,42.41379499435425,2.586205005645752,3
47,221,31.72,2,61.44,4,Burrville Elementary School,2.0,DCPS,1,District of Columbia Public Schools,19857.0,12982.0,6875.0,5153060.0,295.0,19176.0,12978.0,6198.0,5105376.0,311.0,0.03551314142678352,681.0,0.00030821390044688535,4.0,0.10922878347854148,677.0,0.00933995850648417,47684.0,-0.05144694533762062,-16.0,7,336,68,32,31.999999284744263,7.152557373046875e-07,4
48,222,49.23,3,50.74,3,Paul PCS - International High School,4.0,Charter,138,Paul PCS,23433.0,10641.0,12792.0,10334625.0,465.0,25719.0,23060.0,2660.0,10475591.0,427.0,-0.08888370465414674,-2286.0,-0.538551604509974,-12419.0,3.8090225563909774,10132.0,-0.013456615478782963,-140966.0,0.08899297423887598,38.0,4,480,57,43,46.40657305717468,-3.4065730571746826,3
49,224,47.37,3,49.16,3,Cleveland Elementary School,2.0,DCPS,1,District of Columbia Public Schools,22738.0,15863.0,6875.0,6183968.0,304.0,22679.0,16481.0,6198.0,6230532.0,308.0,0.002601525640460345,59.0,-0.03749772465263035,-618.0,0.10922878347854148,677.0,-0.00747351911522165,-46564.0,-0.012987012987012991,-4.0,1,323,51,49,44.85981464385986,4.140185356140137,3
50,227,71.4,4,52.53,3,H.D. Cooke Elementary School,2.0,DCPS,1,District of Columbia Public Schools,22164.0,15289.0,6875.0,7697043.0,387.0,20658.0,14460.0,6198.0,7468857.0,407.0,0.07290153935521348,1506.0,0.057330567081604444,829.0,0.10922878347854148,677.0,0.030551662724296325,228186.0,-0.0491400491400491,-20.0,1,426,44,44,48.571425676345825,-4.571425676345825,3
51,228,55.42,3,60.05,4,Lee Montessori PCS - Brookland,2.0,Charter,177,Lee Montessori PCS,23187.0,23187.0,0.0,4659690.0,210.0,23755.0,23755.0,0.0,5327464.0,236.0,-0.023910755630393576,-568.0,-0.023910755630393576,-568.0,,0.0,-0.12534556779736095,-667774.0,-0.11016949152542377,-26.0,5,215,11,11,11.724138259887695,-0.7241382598876953,1
52,231,30.73,2,20.4,2,Drew Elementary School,2.0,DCPS,1,District of Columbia Public Schools,22743.0,15868.0,6875.0,4648964.0,236.0,22938.0,16741.0,6198.0,4698486.0,234.0,-0.00850117708605802,-195.0,-0.05214742249566928,-873.0,0.10922878347854148,677.0,-0.01053999096730307,-49522.0,0.008547008547008517,2.0,7,280,74,26,26.877468824386597,-0.8774688243865967,4
53,232,88.24,5,72.54,4,Eaton Elementary School,2.0,DCPS,1,District of Columbia Public Schools,16802.0,9927.0,6875.0,7155504.0,474.0,17296.0,11099.0,6198.0,7248307.0,467.0,-0.02856151711378352,-494.0,-0.10559509865753669,-1172.0,0.10922878347854148,677.0,-0.012803403608594444,-92803.0,0.01498929336188426,7.0,3,495,6,6,5.031448602676392,0.9685513973236084,1
54,237,63.08,4,65.49,4,KIPP DC - Quest Academy PCS,2.0,Charter,129,KIPP DC PCS,18443.0,16015.0,2428.0,6733728.0,412.0,21080.0,17494.0,3586.0,7660627.0,403.0,-0.12509487666034158,-2637.0,-0.08454327197896416,-1479.0,-0.32292247629670945,-1158.0,-0.12099518746964188,-926899.0,0.022332506203474045,9.0,7,427,58,42,44.9315071105957,-2.931507110595703,3
55,238,32.1,2,21.94,2,Garfield Elementary School,2.0,DCPS,1,District of Columbia Public Schools,22386.0,15511.0,6875.0,5805159.0,291.0,21442.0,15244.0,6198.0,5461344.0,288.0,0.0440257438671765,944.0,0.017515087903437365,267.0,0.10922878347854148,677.0,0.06295428378069579,343815.0,0.01041666666666674,3.0,8,326,83,17,22.25913405418396,-5.25913405418396,5
56,239,57.94,3,78.16,4,Garrison Elementary School,2.0,DCPS,1,District of Columbia Public Schools,21141.0,14266.0,6875.0,5202060.0,277.0,22101.0,15903.0,6198.0,5668680.0,291.0,-0.043436948554364085,-960.0,-0.10293655285166325,-1637.0,0.10922878347854148,677.0,-0.08231545968373588,-466620.0,-0.04810996563573888,-14.0,2,307,38,38,41.897231340408325,-3.897231340408325,2
57,242,49.15,3,34.17,2,KIPP DC - Northeast Academy PCS,3.0,Charter,129,KIPP DC PCS,19985.0,17557.0,2428.0,5935818.0,329.0,21915.0,18330.0,3586.0,6468330.0,330.0,-0.08806753365274922,-1930.0,-0.04217130387343149,-773.0,-0.32292247629670945,-1158.0,-0.08232604087917594,-532512.0,-0.00303030303030305,-1.0,5,334,48,48,46.31901979446411,1.6809802055358887,3
58,243,55.52,3,42.68,3,KIPP DC - Valor Academy PCS,3.0,Charter,129,KIPP DC PCS,19455.0,17027.0,2428.0,5833296.0,336.0,21803.0,18218.0,3586.0,6573087.0,333.0,-0.10769160207310924,-2348.0,-0.06537490394115708,-1191.0,-0.32292247629670945,-1158.0,-0.11254848749149371,-739791.0,0.009009009009008917,3.0,7,340,54,46,47.533631324768066,-1.5336313247680664,3
59,245,55.0,3,33.37,2,Harmony DC PCS - School of Excellence,2.0,Charter,180,Harmony DC PCS - School of Excellence,24606.0,,,2521344.0,112.0,24935.0,,,2474578.0,118.0,-0.013194305193503064,-329.0,,,,,0.018898575837981157,46766.0,-0.05084745762711862,-6.0,5,122,67,33,47.422683238983154,-14.422683238983154,4
60,246,82.74,5,90.44,5,Hardy Middle School,3.0,DCPS,1,District of Columbia Public Schools,19206.0,12331.0,6875.0,7815830.0,451.0,20119.0,13922.0,6198.0,8644812.0,474.0,-0.04537998906506291,-913.0,-0.11427955753483698,-1591.0,0.10922878347854148,677.0,-0.09589358334224041,-828982.0,-0.048523206751054815,-23.0,2,480,18,18,21.92513346672058,-3.925133466720581,1
61,247,18.59,1,22.08,2,C.W. Harris Elementary School,2.0,DCPS,1,District of Columbia Public Schools,23506.0,16631.0,6875.0,4874088.0,232.0,23973.0,17775.0,6198.0,4869200.0,235.0,-0.019480248613023,-467.0,-0.06436005625879049,-1144.0,0.10922878347854148,677.0,0.0010038610038609619,4888.0,-0.012765957446808529,-3.0,7,262,80,20,26.31579041481018,-6.315790414810181,5
62,248,68.27,4,68.99,4,District of Columbia International School,4.0,Charter,181,District of Columbia International School,14049.0,,,13946845.0,1061.0,15164.0,,,17761728.0,1264.0,-0.07352941176470584,-1115.0,,,,,-0.21478107310279726,-3814883.0,-0.16060126582278478,-203.0,4,1066,19,19,18.46153736114502,0.5384626388549805,1
63,249,27.46,2,35.84,2,Hendley Elementary School,2.0,DCPS,1,District of Columbia Public Schools,22187.0,15312.0,6875.0,7252656.0,366.0,20968.0,14770.0,6198.0,6533100.0,357.0,0.058136207554368546,1219.0,0.036696005416384514,542.0,0.10922878347854148,677.0,0.11014005602240906,719556.0,0.025210084033613356,9.0,8,436,90,10,6.741571426391602,3.2584285736083984,5
64,251,30.0,2,26.18,2,Houston Elementary School,2.0,DCPS,1,District of Columbia Public Schools,23169.0,16294.0,6875.0,5752459.0,277.0,24923.0,18725.0,6198.0,6069374.0,274.0,-0.07037676042210006,-1754.0,-0.129826435246996,-2431.0,0.10922878347854148,677.0,-0.05221543440888632,-316915.0,0.010948905109489093,3.0,7,296,65,35,26.75585150718689,8.24414849281311,4
65,252,87.57,5,60.69,4,Hyde-Addison Elementary School,2.0,DCPS,1,District of Columbia Public Schools,17208.0,10333.0,6875.0,5422912.0,352.0,16754.0,10556.0,6198.0,5609920.0,376.0,0.027098006446221845,454.0,-0.02112542629784009,-223.0,0.10922878347854148,677.0,-0.03333523472705491,-187008.0,-0.06382978723404253,-24.0,2,377,11,11,6.990879774093628,4.009120225906372,1
66,254,88.2,5,83.03,5,Janney Elementary School,2.0,DCPS,1,District of Columbia Public Schools,15805.0,8930.0,6875.0,10357085.0,739.0,16239.0,10041.0,6198.0,10830304.0,752.0,-0.026725783607364995,-434.0,-0.11064634996514289,-1111.0,0.10922878347854148,677.0,-0.04369397202516201,-473219.0,-0.017287234042553168,-13.0,3,748,1,1,0.0,1.0,1
67,255,23.41,2,30.17,2,The Children's Guild PCS,3.0,Charter (Alternative),188,The Children's Guild PCS,35129.0,,,12351976.0,376.0,38221.0,,,11940494.0,331.0,-0.08089793568980408,-3092.0,,,,,0.03446105328640514,411482.0,0.13595166163142003,45.0,5,393,79,21,20.467835664749146,0.5321643352508545,4
68,257,49.0,3,42.18,3,Ketcham Elementary School,2.0,DCPS,1,District of Columbia Public Schools,18623.0,11748.0,6875.0,4867500.0,300.0,19426.0,13229.0,6198.0,5537436.0,326.0,-0.04133635334088337,-803.0,-0.11195101670572227,-1481.0,0.10922878347854148,677.0,-0.12098306869822062,-669936.0,-0.07975460122699385,-26.0,8,334,83,17,14.56310749053955,2.436892509460449,5
69,258,75.17,4,66.61,4,Hearst Elementary School,2.0,DCPS,1,District of Columbia Public Schools,19015.0,12140.0,6875.0,5699158.0,331.0,19847.0,13649.0,6198.0,6112180.0,340.0,-0.041920693303773904,-832.0,-0.1105575500036633,-1509.0,0.10922878347854148,677.0,-0.06757359894505721,-413022.0,-0.026470588235294135,-9.0,3,353,8,8,5.128204822540283,2.871795177459717,1
70,259,27.81,2,60.14,4,Kimball Elementary School,2.0,DCPS,1,District of Columbia Public Schools,19018.0,12143.0,6875.0,5740448.0,343.0,18946.0,12749.0,6198.0,6531504.0,392.0,0.003800274464266895,72.0,-0.04753313985410623,-606.0,0.10922878347854148,677.0,-0.12111391189533072,-791056.0,-0.125,-49.0,7,384,83,17,19.086021184921265,-2.0860211849212646,5
71,260,30.31,2,27.9,2,Monument Academy PCS,3.0,Charter (Alternative),184,Monument Academy PCS,72601.0,,,8872448.0,128.0,76132.0,,,6689670.0,102.0,-0.046379971628224714,-3531.0,,,,,0.3262908334790804,2182778.0,0.2549019607843137,26.0,6,142,82,18,14.473682641983032,3.5263173580169678,5
72,261,73.92,4,81.51,5,Lafayette Elementary School,2.0,DCPS,1,District of Columbia Public Schools,16317.0,9442.0,6875.0,12482751.0,887.0,16344.0,10147.0,6198.0,13583000.0,940.0,-0.0016519823788546661,-27.0,-0.0694786636444269,-705.0,0.10922878347854148,677.0,-0.08100191415740265,-1100249.0,-0.05638297872340425,-53.0,4,904,4,4,2.2339046001434326,1.7660953998565674,1
73,262,72.65,4,65.73,4,Langdon Elementary School,2.0,DCPS,1,District of Columbia Public Schools,19586.0,12711.0,6875.0,6131963.0,353.0,20492.0,14294.0,6198.0,6715500.0,370.0,-0.04421237556119462,-906.0,-0.11074576745487619,-1583.0,0.10922878347854148,677.0,-0.08689405107586923,-583537.0,-0.04594594594594592,-17.0,5,425,64,36,49.226003885269165,-13.226003885269165,4
74,263,34.6,2,55.73,3,Washington Global PCS,3.0,Charter,185,Washington Global PCS,20828.0,,,4067712.0,216.0,21468.0,,,4488588.0,234.0,-0.02981181293087387,-640.0,,,,,-0.09376579004355046,-420876.0,-0.07692307692307687,-18.0,6,221,59,41,43.103450536727905,-2.1034505367279053,3
75,264,55.23,3,64.1,4,LaSalle-Backus Education Campus,3.0,DCPS,1,District of Columbia Public Schools,23166.0,16291.0,6875.0,7986092.0,382.0,25891.0,19694.0,6198.0,8541708.0,366.0,-0.10524892819898801,-2725.0,-0.1727937442876003,-3403.0,0.10922878347854148,677.0,-0.06504741206325482,-555616.0,0.04371584699453557,16.0,4,446,58,42,48.23848009109497,-6.238480091094971,3
76,266,33.85,2,32.15,2,Leckie Education Campus,3.0,DCPS,1,District of Columbia Public Schools,18808.0,11933.0,6875.0,8668194.0,529.0,19643.0,13446.0,6198.0,8454038.0,491.0,-0.042508781754314495,-835.0,-0.11252417075710253,-1513.0,0.10922878347854148,677.0,0.025331800022663664,214156.0,0.07739307535641538,38.0,8,576,49,49,41.48550629615784,7.514493703842163,3
77,267,25.94,2,34.32,2,Kingsman Academy PCS,4.0,Charter (Alternative),186,Kingsman Academy PCS,29369.0,,,8284950.0,285.0,28792.0,,,6531822.0,242.0,0.020040288969157993,577.0,,,,,0.2683980059468858,1753128.0,0.1776859504132231,43.0,6,331,91,9,9.72222089767456,-0.7222208976745605,5
78,268,57.05,3,55.61,3,Friendship PCS - Online,3.0,Charter,120,Friendship PCS,18302.0,15389.0,2913.0,3437809.0,191.0,18556.0,15727.0,2829.0,3396288.0,196.0,-0.013688294891140318,-254.0,-0.021491702168245697,-338.0,0.02969247083775195,84.0,0.012225406090414115,41521.0,-0.025510204081632626,-5.0,4,216,55,45,45.51724195480347,-0.5172419548034668,3
79,269,24.08,2,33.67,2,Friendship PCS - Armstrong Elementary,2.0,Charter,120,Friendship PCS,19924.0,17011.0,2913.0,6811386.0,401.0,21348.0,18519.0,2829.0,6236853.0,329.0,-0.06670414090312915,-1424.0,-0.08142988282304664,-1508.0,0.02969247083775195,84.0,0.09211905427304434,574533.0,0.21884498480243164,72.0,5,417,61,39,47.488582134246826,-8.488582134246826,4
80,270,44.8,3,43.14,3,Two Rivers PCS - Young,2.0,Charter,149,Two Rivers PCS,18910.0,18910.0,0.0,6025468.0,332.0,20775.0,9072.0,11704.0,7415403.0,381.0,-0.08977135980746087,-1865.0,1.0844356261022927,9838.0,-1.0,-11704.0,-0.1874389025114347,-1389935.0,-0.1286089238845144,-49.0,5,341,20,20,19.02654767036438,0.9734523296356201,2
81,271,77.61,4,51.87,3,Ludlow-Taylor Elementary School,2.0,DCPS,1,District of Columbia Public Schools,20481.0,13606.0,6875.0,7968728.0,439.0,20686.0,14489.0,6198.0,8506188.0,459.0,-0.009910084114860274,-205.0,-0.06094278418110288,-883.0,0.10922878347854148,677.0,-0.06318458985388054,-537460.0,-0.04357298474945537,-20.0,6,448,21,21,24.932974576950073,-3.9329745769500732,2
82,272,76.61,4,76.58,4,Key Elementary School,2.0,DCPS,1,District of Columbia Public Schools,17696.0,10821.0,6875.0,6354474.0,399.0,18133.0,11935.0,6198.0,6225836.0,382.0,-0.0240997077152153,-437.0,-0.09333891914537074,-1114.0,0.10922878347854148,677.0,0.02066196411212884,128638.0,0.04450261780104703,17.0,3,404,1,1,0.0,1.0,1
83,273,87.12,5,85.65,5,Mann Elementary School,2.0,DCPS,1,District of Columbia Public Schools,17218.0,10343.0,6875.0,6134841.0,397.0,17262.0,11064.0,6198.0,6590220.0,426.0,-0.002548951454060977,-44.0,-0.0651663051337672,-721.0,0.10922878347854148,677.0,-0.06909921064850644,-455379.0,-0.068075117370892,-29.0,3,418,2,2,0.0,2.0,1
84,274,94.38,5,83.15,5,Maury Elementary School,2.0,DCPS,1,District of Columbia Public Schools,17255.0,10380.0,6875.0,6304430.0,407.0,16692.0,10494.0,6198.0,6818897.0,457.0,0.03372873232686313,563.0,-0.010863350485991963,-114.0,0.10922878347854148,677.0,-0.07544724608686715,-514467.0,-0.10940919037199126,-50.0,6,431,9,9,8.010333776473999,0.989666223526001,1
85,280,45.31,3,24.53,2,Miner Elementary School,2.0,DCPS,1,District of Columbia Public Schools,21511.0,14636.0,6875.0,6949972.0,361.0,22576.0,16379.0,6198.0,7440000.0,372.0,-0.04717399007795886,-1065.0,-0.10641675315953358,-1743.0,0.10922878347854148,677.0,-0.06586397849462367,-490028.0,-0.029569892473118253,-11.0,6,417,62,38,33.85416865348816,4.145831346511841,4
86,283,84.93,5,62.78,4,Washington Leadership Academy PCS,4.0,Charter,194,Washington Leadership Academy PCS,20638.0,,,5845518.0,306.0,22494.0,,,8372628.0,396.0,-0.08251089179336712,-1856.0,,,,,-0.30182996306536014,-2527110.0,-0.2272727272727273,-90.0,5,316,55,45,45.45454382896423,-0.4545438289642334,3
87,284,83.7,5,67.93,4,Marie Reed Elementary School,2.0,DCPS,1,District of Columbia Public Schools,22831.0,15956.0,6875.0,8957626.0,437.0,23394.0,17197.0,6198.0,9693908.0,461.0,-0.024065999829016027,-563.0,-0.07216374949119031,-1241.0,0.10922878347854148,677.0,-0.07595306248006484,-736282.0,-0.05206073752711493,-24.0,1,466,28,28,33.919596672058105,-5.9195966720581055,2
88,285,13.63,1,19.87,1,Moten Elementary School,2.0,DCPS,1,District of Columbia Public Schools,21305.0,14430.0,6875.0,6019428.0,323.0,23419.0,17221.0,6198.0,5585294.0,286.0,-0.09026858533669246,-2114.0,-0.16206956622728064,-2791.0,0.10922878347854148,677.0,0.07772804797742072,434134.0,0.12937062937062938,37.0,8,403,83,17,16.04938507080078,0.9506149291992188,5
89,286,45.39,3,51.26,3,Rocketship DC PCS - Rise Academy,2.0,Charter,191,Rocketship DC PCS,22463.0,21752.0,711.0,13034856.0,618.0,20520.0,19962.0,558.0,13504200.0,710.0,0.09468810916179327,1943.0,0.08967037371004905,1790.0,0.27419354838709675,153.0,-0.0347554094281779,-469344.0,-0.12957746478873244,-92.0,8,654,80,20,24.263036251068115,-4.263036251068115,5
90,287,79.07,4,92.3,5,Murch Elementary School,2.0,DCPS,1,District of Columbia Public Schools,16791.0,9916.0,6875.0,8993965.0,601.0,16613.0,10416.0,6198.0,9293291.0,623.0,0.010714500692228901,178.0,-0.04800307219662059,-500.0,0.10922878347854148,677.0,-0.0322088267762195,-299326.0,-0.035313001605136396,-22.0,3,642,5,5,1.7482519149780273,3.2517480850219727,1
91,288,44.78,3,54.86,3,Nalle Elementary School,2.0,DCPS,1,District of Columbia Public Schools,20284.0,13409.0,6875.0,6674430.0,370.0,21127.0,14929.0,6198.0,6399027.0,347.0,-0.03990154778245847,-843.0,-0.1018152588920892,-1520.0,0.10922878347854148,677.0,0.043038261910756104,275403.0,0.06628242074927959,23.0,7,425,72,28,27.62148380279541,0.37851619720458984,4
92,290,25.08,2,29.81,2,Noyes Elementary School,2.0,DCPS,1,District of Columbia Public Schools,23168.0,16293.0,6875.0,4655840.0,224.0,23917.0,17720.0,6198.0,4816500.0,228.0,-0.031316636701927525,-749.0,-0.08053047404063207,-1427.0,0.10922878347854148,677.0,-0.033356171493823306,-160660.0,-0.01754385964912286,-4.0,5,288,70,30,27.411168813705444,2.5888311862945557,4
93,291,30.82,2,47.46,3,Lawrence E. Boone Elementary School,2.0,DCPS,1,District of Columbia Public Schools,18464.0,11589.0,6875.0,7002550.0,430.0,19688.0,13491.0,6198.0,7358918.0,427.0,-0.06216984965461192,-1224.0,-0.1409828774738715,-1902.0,0.10922878347854148,677.0,-0.04842668446638487,-356368.0,0.007025761124121788,3.0,8,458,77,23,25.245100259780884,-2.245100259780884,4
94,292,80.14,5,77.53,4,Oyster-Adams Bilingual School,3.0,DCPS,1,District of Columbia Public Schools,18955.0,12080.0,6875.0,12113548.0,706.0,19190.0,12993.0,6198.0,12685774.0,731.0,-0.012245961438249076,-235.0,-0.07026860617255448,-913.0,0.10922878347854148,677.0,-0.045107693074147415,-572226.0,-0.034199726402188824,-25.0,3,742,8,8,8.753710985183716,-0.7537109851837158,1
95,294,17.74,1,16.94,1,Patterson Elementary School,2.0,DCPS,1,District of Columbia Public Schools,22011.0,15136.0,6875.0,7340176.0,386.0,22705.0,16508.0,6198.0,7739736.0,394.0,-0.03056595463554279,-694.0,-0.08311121880300465,-1372.0,0.10922878347854148,677.0,-0.051624499853741734,-399560.0,-0.02030456852791873,-8.0,8,442,90,10,11.92893385887146,-1.92893385887146,5
96,295,40.08,3,71.93,4,Payne Elementary School,2.0,DCPS,1,District of Columbia Public Schools,21855.0,14980.0,6875.0,6735236.0,346.0,22966.0,16769.0,6198.0,6531387.0,321.0,-0.04837585996690763,-1111.0,-0.10668495438010617,-1789.0,0.10922878347854148,677.0,0.031210675466022852,203849.0,0.0778816199376946,25.0,6,361,45,45,48.00000190734863,-3.000001907348633,3
97,296,49.24,3,69.1,4,Bruce-Monroe Elementary School @ Park View,2.0,DCPS,1,District of Columbia Public Schools,22121.0,15246.0,6875.0,8978959.0,451.0,22194.0,15996.0,6198.0,9314789.0,473.0,-0.0032891772551140175,-73.0,-0.046886721680420074,-750.0,0.10922878347854148,677.0,-0.03605341999695322,-335830.0,-0.046511627906976716,-22.0,1,488,38,38,43.974632024765015,-5.974632024765015,2
98,299,45.35,3,43.81,3,Plummer Elementary School,2.0,DCPS,1,District of Columbia Public Schools,21110.0,14235.0,6875.0,6185728.0,331.0,22179.0,15981.0,6198.0,5630366.0,287.0,-0.048198746562063244,-1069.0,-0.10925474000375446,-1746.0,0.10922878347854148,677.0,0.09863692697774895,555362.0,0.1533101045296168,44.0,7,382,75,25,24.296677112579346,0.7033228874206543,4
99,300,59.92,3,62.23,4,Powell Elementary School,2.0,DCPS,1,District of Columbia Public Schools,19845.0,12970.0,6875.0,9313280.0,535.0,20603.0,14405.0,6198.0,9610872.0,529.0,-0.036790758627384346,-758.0,-0.09961818812912182,-1435.0,0.10922878347854148,677.0,-0.030964099823616476,-297592.0,0.011342155009451904,6.0,4,567,33,33,40.63670635223389,-7.636706352233887,2
100,302,59.12,3,64.3,4,Raymond Education Campus,3.0,DCPS,1,District of Columbia Public Schools,22003.0,15128.0,6875.0,10995948.0,558.0,21844.0,15647.0,6198.0,9978100.0,517.0,0.007278886650796457,159.0,-0.0331692976289385,-519.0,0.10922878347854148,677.0,0.10200819795351812,1017848.0,0.079303675048356,41.0,4,624,46,46,45.02447247505188,0.9755275249481201,3
101,305,72.96,4,70.25,4,Ross Elementary School,2.0,DCPS,1,District of Columbia Public Schools,19996.0,13121.0,6875.0,3414870.0,190.0,22210.0,16012.0,6198.0,3541593.0,177.0,-0.09968482665466005,-2214.0,-0.1805520859355484,-2891.0,0.10922878347854148,677.0,-0.035781356016911015,-126723.0,0.07344632768361592,13.0,2,201,3,3,0.0,3.0,1
102,307,29.16,2,40.12,3,Savoy Elementary School,2.0,DCPS,1,District of Columbia Public Schools,22808.0,15933.0,6875.0,5543034.0,271.0,22160.0,15962.0,6198.0,5196650.0,265.0,0.02924187725631766,648.0,-0.0018168149354717,-29.0,0.10922878347854148,677.0,0.06665524905467946,346384.0,0.02264150943396226,6.0,8,292,88,12,20.95237970352173,-8.952379703521729,5
103,308,41.51,3,42.32,3,Malcolm X Elementary School @ Green,2.0,DCPS,1,District of Columbia Public Schools,20612.0,13737.0,6875.0,4406578.0,242.0,22147.0,15949.0,6198.0,4525792.0,233.0,-0.06930961304014083,-1535.0,-0.13869208100821373,-2212.0,0.10922878347854148,677.0,-0.02634102495209678,-119214.0,0.03862660944205998,9.0,8,280,85,15,18.565398454666138,-3.5653984546661377,5
104,309,46.54,3,70.59,4,Seaton Elementary School,2.0,DCPS,1,District of Columbia Public Schools,22624.0,15749.0,6875.0,7941960.0,390.0,23378.0,17181.0,6198.0,8248284.0,393.0,-0.03225254512789799,-754.0,-0.08334788429078632,-1432.0,0.10922878347854148,677.0,-0.03713790650273441,-306324.0,-0.007633587786259555,-3.0,6,416,35,35,42.521995306015015,-7.521995306015015,2
105,313,67.39,4,76.61,4,Shepherd Elementary School,2.0,DCPS,1,District of Columbia Public Schools,16732.0,9857.0,6875.0,5671735.0,379.0,18516.0,12318.0,6198.0,6186796.0,371.0,-0.09634910347807302,-1784.0,-0.19978892677382687,-2461.0,0.10922878347854148,677.0,-0.08325165400637102,-515061.0,0.02156334231805923,8.0,4,396,12,12,13.333332538604736,-1.3333325386047363,1
106,315,40.12,3,17.9,1,Simon Elementary School,2.0,DCPS,1,District of Columbia Public Schools,22475.0,15600.0,6875.0,4828435.0,241.0,23087.0,16889.0,6198.0,5147538.0,253.0,-0.026508424654567486,-612.0,-0.07632186630351112,-1289.0,0.10922878347854148,677.0,-0.06199138306506913,-319103.0,-0.04743083003952564,-12.0,8,290,70,30,30.072462558746338,-0.07246255874633789,4
107,316,20.98,2,48.55,3,Randle Highlands Elementary School,2.0,DCPS,1,District of Columbia Public Schools,20405.0,13530.0,6875.0,5903576.0,329.0,18645.0,12447.0,6198.0,5631150.0,346.0,0.0943952802359882,1760.0,0.08700891781152076,1083.0,0.10922878347854148,677.0,0.04837839517682885,272426.0,-0.049132947976878616,-17.0,7,363,62,38,42.942941188812256,-4.942941188812256,4
108,319,20.72,2,38.76,2,Stanton Elementary School,2.0,DCPS,1,District of Columbia Public Schools,19070.0,12195.0,6875.0,7948292.0,473.0,20913.0,14715.0,6198.0,7904325.0,429.0,-0.08812700234304016,-1843.0,-0.17125382262996947,-2520.0,0.10922878347854148,677.0,0.005562397801203822,43967.0,0.10256410256410264,44.0,8,522,88,12,15.19230604171753,-3.1923060417175293,5
109,321,78.95,4,77.85,4,Stoddert Elementary School,2.0,DCPS,1,District of Columbia Public Schools,18367.0,11492.0,6875.0,7706635.0,463.0,17980.0,11783.0,6198.0,8017126.0,494.0,0.02152391546162402,387.0,-0.024696596791988434,-291.0,0.10922878347854148,677.0,-0.03872846703419652,-310491.0,-0.06275303643724695,-31.0,3,487,4,4,3.9080440998077393,0.09195590019226074,1
110,322,25.48,2,16.27,1,Smothers Elementary School,2.0,DCPS,1,District of Columbia Public Schools,22734.0,15859.0,6875.0,4981494.0,249.0,23498.0,17301.0,6198.0,5021016.0,247.0,-0.032513405396203954,-764.0,-0.08334778336512338,-1442.0,0.10922878347854148,677.0,-0.007871315287583225,-39522.0,0.00809716599190291,2.0,7,288,72,28,22.92490005493164,5.075099945068359,4
111,324,30.48,2,44.94,3,Takoma Education Campus,3.0,DCPS,1,District of Columbia Public Schools,20777.0,13903.0,6875.0,9408160.0,508.0,21681.0,15483.0,6198.0,10267068.0,532.0,-0.04169549375028825,-904.0,-0.10204740683330105,-1580.0,0.10922878347854148,677.0,-0.08365659991732788,-858908.0,-0.045112781954887216,-24.0,4,577,42,42,44.2307710647583,-2.230771064758301,3
112,325,19.94,1,32.56,2,Thomas Elementary School,2.0,DCPS,1,District of Columbia Public Schools,22482.0,15607.0,6875.0,7129820.0,355.0,23057.0,16859.0,6198.0,6550644.0,326.0,-0.02493819664310193,-575.0,-0.07426300492318638,-1252.0,0.10922878347854148,677.0,0.08841512376493066,579176.0,0.08895705521472386,29.0,7,416,82,18,27.872860431671143,-9.872860431671143,5
113,326,43.67,3,61.03,4,Thomson Elementary School,2.0,DCPS,1,District of Columbia Public Schools,20965.0,14090.0,6875.0,6161234.0,331.0,22438.0,16240.0,6198.0,6364480.0,320.0,-0.06564756217131651,-1473.0,-0.1323891625615764,-2150.0,0.10922878347854148,677.0,-0.031934423550706414,-203246.0,0.034375000000000044,11.0,2,351,38,38,41.85303449630737,-3.853034496307373,2
114,327,56.88,3,67.36,4,Truesdell Education Campus,3.0,DCPS,1,District of Columbia Public Schools,19946.0,13071.0,6875.0,10681251.0,609.0,20807.0,14610.0,6198.0,10202205.0,565.0,-0.04138030470514731,-861.0,-0.10533880903490755,-1539.0,0.10922878347854148,677.0,0.04695514352044494,479046.0,0.07787610619469021,44.0,4,676,49,49,44.91899609565735,4.081003904342651,3
115,328,63.62,4,37.26,2,Tubman Elementary School,2.0,DCPS,1,District of Columbia Public Schools,20733.0,13858.0,6875.0,10094708.0,548.0,20959.0,14761.0,6198.0,10565412.0,564.0,-0.010782957202156607,-226.0,-0.06117471716008405,-903.0,0.10922878347854148,677.0,-0.044551409826706245,-470704.0,-0.028368794326241176,-16.0,1,613,52,48,46.67896628379822,1.3210337162017822,3
116,329,45.33,3,32.42,2,Turner Elementary School,2.0,DCPS,1,District of Columbia Public Schools,19375.0,12500.0,6875.0,8521065.0,497.0,18358.0,12160.0,6198.0,8097012.0,506.0,0.05539819152413128,1017.0,0.02796052631578938,340.0,0.10922878347854148,677.0,0.052371541501976315,424053.0,-0.017786561264822143,-9.0,8,537,82,18,17.148762941360474,0.8512370586395264,5
117,330,47.07,3,75.33,4,Tyler Elementary School,2.0,DCPS,1,District of Columbia Public Schools,19659.0,12784.0,6875.0,8937984.0,512.0,19990.0,13792.0,6198.0,9281184.0,528.0,-0.016558279139569754,-331.0,-0.07308584686774944,-1008.0,0.10922878347854148,677.0,-0.03697804073273414,-343200.0,-0.030303030303030276,-16.0,6,549,38,38,32.68482685089111,5.315173149108887,2
118,332,50.92,3,27.18,2,Walker-Jones Education Campus,3.0,DCPS,1,District of Columbia Public Schools,21965.0,15090.0,6875.0,7555200.0,384.0,21734.0,15536.0,6198.0,7981920.0,414.0,0.010628508327965358,231.0,-0.02870751802265703,-446.0,0.10922878347854148,677.0,-0.05346082145649167,-426720.0,-0.07246376811594202,-30.0,6,449,82,18,24.611973762512207,-6.611973762512207,5
119,333,73.94,4,69.95,4,Watkins Elementary School (Capitol Hill Cluster),2.0,DCPS,1,District of Columbia Public Schools,15828.0,8953.0,6875.0,6240420.0,444.0,15716.0,9519.0,6198.0,6223484.0,446.0,0.00712649529142273,112.0,-0.05946002731379352,-566.0,0.10922878347854148,677.0,0.0027213053010179955,16936.0,-0.004484304932735439,-2.0,6,460,21,21,19.954127073287964,1.0458729267120361,2
120,335,42.16,3,30.23,2,Wheatley Education Campus,3.0,DCPS,1,District of Columbia Public Schools,21913.0,15038.0,6875.0,6096168.0,312.0,21268.0,15070.0,6198.0,6672546.0,354.0,0.03032725220989274,645.0,-0.0021234240212342215,-32.0,0.10922878347854148,677.0,-0.08638052101851379,-576378.0,-0.11864406779661019,-42.0,5,353,73,27,23.987537622451782,3.0124623775482178,4
121,336,55.27,3,69.03,4,West Education Campus,3.0,DCPS,1,District of Columbia Public Schools,20445.0,13570.0,6875.0,6088656.0,336.0,21720.0,15522.0,6198.0,6556482.0,342.0,-0.05870165745856348,-1275.0,-0.12575699007859809,-1952.0,0.10922878347854148,677.0,-0.07135320435562853,-467826.0,-0.01754385964912286,-6.0,4,377,39,39,37.460315227508545,1.539684772491455,2
122,338,45.39,3,77.18,4,Whittier Education Campus,3.0,DCPS,1,District of Columbia Public Schools,22960.0,16085.0,6875.0,7302906.0,351.0,24285.0,18087.0,6198.0,8020524.0,366.0,-0.05456042824788965,-1325.0,-0.11068723392491842,-2002.0,0.10922878347854148,677.0,-0.08947270776822058,-717618.0,-0.040983606557377095,-15.0,4,410,49,49,46.04105353355408,2.958946466445923,3
123,339,59.25,3,50.77,3,J.O. Wilson Elementary School,2.0,DCPS,1,District of Columbia Public Schools,20579.0,13704.0,6875.0,8743410.0,477.0,21221.0,15023.0,6198.0,8834239.0,467.0,-0.030253051222845273,-642.0,-0.08779870864674166,-1319.0,0.10922878347854148,677.0,-0.010281474159800297,-90829.0,0.021413276231263323,10.0,6,528,46,46,45.05050778388977,0.9494922161102295,3
124,344,25.44,2,35.37,2,King Elementary School,2.0,DCPS,1,District of Columbia Public Schools,22881.0,16006.0,6875.0,5899410.0,295.0,21300.0,15103.0,6198.0,5704560.0,304.0,0.07422535211267611,1581.0,0.05978944580546908,903.0,0.10922878347854148,677.0,0.034156885018301164,194850.0,-0.02960526315789469,-9.0,8,343,85,15,15.775400400161743,-0.7754004001617432,5
125,347,18.56,1,41.16,3,Brookland Middle School,3.0,DCPS,1,District of Columbia Public Schools,20704.0,13829.0,6875.0,4975290.0,270.0,20227.0,14029.0,6198.0,6492600.0,360.0,0.023582340436050897,477.0,-0.01425618361964498,-200.0,0.10922878347854148,677.0,-0.23369836429165514,-1517310.0,-0.25,-90.0,5,316,53,47,49.60629940032959,-2.60629940032959,3
126,349,59.19,3,60.16,4,Dorothy I. Height Elementary School,2.0,DCPS,1,District of Columbia Public Schools,22120.0,15245.0,6875.0,9573600.0,480.0,23212.0,17014.0,6198.0,9903656.0,476.0,-0.04704463208685161,-1092.0,-0.10397319854237685,-1769.0,0.10922878347854148,677.0,-0.03332668259075233,-330056.0,0.008403361344537785,4.0,4,500,41,41,38.416987657547,2.583012342453003,3
127,360,54.34,3,65.7,4,Capitol Hill Montessori School @ Logan,3.0,DCPS,1,District of Columbia Public Schools,17471.0,10596.0,6875.0,5683400.0,362.0,20561.0,14363.0,6198.0,6067750.0,325.0,-0.15028451923544572,-3090.0,-0.26227111327717045,-3767.0,0.10922878347854148,677.0,-0.063343084339335,-384350.0,0.11384615384615393,37.0,6,383,18,18,13.573408126831055,4.426591873168945,1
128,361,36.54,2,26.58,2,Friendship PCS - Blow Pierce Elementary School,2.0,Charter,120,Friendship PCS,18095.0,15182.0,2913.0,5916310.0,395.0,19797.0,16968.0,2829.0,6279840.0,360.0,-0.08597262211446177,-1702.0,-0.10525695426685522,-1786.0,0.02969247083775195,84.0,-0.05788841753930041,-363530.0,0.09722222222222232,35.0,7,399,77,23,25.515460968017578,-2.515460968017578,4
129,362,50.93,3,46.64,3,Friendship PCS - Blow Pierce Middle School,3.0,Charter,120,Friendship PCS,18095.0,15182.0,2913.0,3948642.0,249.0,19797.0,16968.0,2829.0,4219880.0,245.0,-0.08597262211446177,-1702.0,-0.10525695426685522,-1786.0,0.02969247083775195,84.0,-0.06427623534318516,-271238.0,0.01632653061224487,4.0,7,250,73,27,34.3478262424469,-7.347826242446899,4
130,363,53.06,3,46.67,3,Friendship PCS - Chamberlain Elementary School,2.0,Charter,120,Friendship PCS,18276.0,15363.0,2913.0,5385312.0,368.0,19216.0,16387.0,2829.0,6295168.0,374.0,-0.048917568692755986,-940.0,-0.062488558003295336,-1024.0,0.02969247083775195,84.0,-0.14453244138996768,-909856.0,-0.016042780748663055,-6.0,6,372,57,43,42.89405941963196,0.10594058036804199,3
131,364,54.37,3,43.26,3,Friendship PCS - Chamberlain Middle School,3.0,Charter,120,Friendship PCS,18276.0,15363.0,2913.0,4950210.0,314.0,19216.0,16387.0,2829.0,5073065.0,305.0,-0.048917568692755986,-940.0,-0.062488558003295336,-1024.0,0.02969247083775195,84.0,-0.024217115294205782,-122855.0,0.029508196721311553,9.0,6,316,52,48,43.939393758773804,4.060606241226196,3
132,365,59.92,3,70.57,4,Friendship PCS - Woodridge Elementary School,2.0,Charter,120,Friendship PCS,19935.0,17022.0,2913.0,5027970.0,285.0,20788.0,17959.0,2829.0,5608800.0,304.0,-0.04103328843563592,-853.0,-0.052174397238153536,-937.0,0.02969247083775195,84.0,-0.10355691056910565,-580830.0,-0.0625,-19.0,5,299,46,46,32.786887884140015,13.213112115859985,3
133,366,73.58,4,78.28,4,Friendship PCS - Woodridge Middle School,3.0,Charter,120,Friendship PCS,19935.0,17022.0,2913.0,4004734.0,227.0,20788.0,17959.0,2829.0,4095900.0,222.0,-0.04103328843563592,-853.0,-0.052174397238153536,-937.0,0.02969247083775195,84.0,-0.022257867623721284,-91166.0,0.022522522522522515,5.0,5,229,37,37,30.150753259658813,6.8492467403411865,2
134,370,14.26,1,32.07,2,Langley Elementary School,2.0,DCPS,1,District of Columbia Public Schools,23538.0,16663.0,6875.0,6100440.0,290.0,25810.0,19612.0,6198.0,6894888.0,308.0,-0.08802789616427742,-2272.0,-0.15036712217009995,-2949.0,0.10922878347854148,677.0,-0.11522275633773893,-794448.0,-0.058441558441558406,-18.0,5,335,50,50,42.60563254356384,7.394367456436157,3
135,402,99.01,5,98.67,5,Benjamin Banneker High School,4.0,DCPS,1,District of Columbia Public Schools,17790.0,10915.0,6875.0,7529804.0,482.0,17725.0,11528.0,6198.0,8252940.0,523.0,0.003667136812411931,65.0,-0.05317487855655789,-613.0,0.10922878347854148,677.0,-0.08762162332453649,-723136.0,-0.07839388145315485,-41.0,1,488,25,25,21.20581865310669,3.7941813468933105,2
136,404,32.78,2,28.62,2,Browne Education Campus,3.0,DCPS,1,District of Columbia Public Schools,21557.0,14682.0,6875.0,7072744.0,371.0,21317.0,15120.0,6198.0,8167246.0,433.0,0.011258619880846199,240.0,-0.028968253968253976,-438.0,0.10922878347854148,677.0,-0.1340111464745889,-1094502.0,-0.14318706697459582,-62.0,5,430,73,27,30.744338035583496,-3.744338035583496,4
137,405,88.22,5,88.93,5,Deal Middle School,3.0,DCPS,1,District of Columbia Public Schools,15797.0,8922.0,6875.0,21019636.0,1507.0,16290.0,10092.0,6198.0,20935422.0,1458.0,-0.030263965623081646,-493.0,-0.11593341260404277,-1170.0,0.10922878347854148,677.0,0.004022560424146171,84214.0,0.033607681755829955,49.0,3,1549,7,7,5.8943092823028564,1.1056907176971436,1
138,407,7.43,1,31.2,2,Eliot-Hine Middle School,3.0,DCPS,1,District of Columbia Public Schools,27578.0,20703.0,6875.0,5723904.0,232.0,25790.0,19593.0,6198.0,5808278.0,262.0,0.06932919736331922,1788.0,0.05665288623487985,1110.0,0.10922878347854148,677.0,-0.014526508545217753,-84374.0,-0.1145038167938931,-30.0,6,271,60,40,37.99999952316284,2.000000476837158,4
139,409,58.29,3,58.04,3,School Without Walls @ Francis-Stevens,3.0,DCPS,1,District of Columbia Public Schools,20096.0,13221.0,6875.0,8672056.0,472.0,19833.0,13635.0,6198.0,9783720.0,540.0,0.013260727071043199,263.0,-0.030363036303630353,-414.0,0.10922878347854148,677.0,-0.11362385677431486,-1111664.0,-0.12592592592592589,-68.0,2,499,15,15,18.471336364746094,-3.4713363647460938,1
140,413,20.83,2,44.2,3,Hart Middle School,3.0,DCPS,1,District of Columbia Public Schools,24910.0,18035.0,6875.0,8077839.0,357.0,22428.0,16230.0,6198.0,8661436.0,428.0,0.11066523987872312,2482.0,0.1112138016019717,1805.0,0.10922878347854148,677.0,-0.06737878107048301,-583597.0,-0.1658878504672897,-71.0,8,425,82,18,16.618913412094116,1.3810865879058838,5
141,416,21.01,2,25.55,2,Johnson Middle School,3.0,DCPS,1,District of Columbia Public Schools,23628.0,16753.0,6875.0,5854750.0,275.0,21324.0,15127.0,6198.0,6431308.0,337.0,0.10804727068092301,2304.0,0.10748991868843794,1626.0,0.10922878347854148,677.0,-0.08964863757108199,-576558.0,-0.18397626112759646,-62.0,8,322,82,18,22.6190447807312,-4.619044780731201,5
142,417,5.72,1,1.61,1,Kramer Middle School,3.0,DCPS,1,District of Columbia Public Schools,25586.0,18711.0,6875.0,4755920.0,208.0,29800.0,23603.0,6198.0,5202912.0,208.0,-0.14140939597315438,-4214.0,-0.2072617887556667,-4892.0,0.10922878347854148,677.0,-0.08591188934196847,-446992.0,0.0,0.0,8,257,89,11,16.06217622756958,-5.06217622756958,5
143,420,55.13,3,31.12,2,MacFarland Middle School,3.0,DCPS,1,District of Columbia Public Schools,19925.0,13050.0,6875.0,6363858.0,354.0,19209.0,13011.0,6198.0,9632000.0,560.0,0.037274194388047244,716.0,0.0029974636845746527,39.0,0.10922878347854148,677.0,-0.33930045681063126,-3268142.0,-0.3678571428571429,-206.0,4,390,40,40,44.92753744125366,-4.927537441253662,3
144,421,20.45,2,25.91,2,Kelly Miller Middle School,3.0,DCPS,1,District of Columbia Public Schools,20943.0,14068.0,6875.0,9083290.0,482.0,19689.0,13492.0,6198.0,9439210.0,538.0,0.06369038549443862,1254.0,0.04269196560924993,576.0,0.10922878347854148,677.0,-0.037706545357079624,-355920.0,-0.10408921933085502,-56.0,7,564,71,29,31.625837087631226,-2.6258370876312256,4
145,427,12.33,1,32.45,2,Sousa Middle School,3.0,DCPS,1,District of Columbia Public Schools,22939.0,16064.0,6875.0,4920828.0,242.0,23425.0,17228.0,6198.0,5773642.0,289.0,-0.020747065101387352,-486.0,-0.0675644299976782,-1164.0,0.10922878347854148,677.0,-0.14770815370956492,-852814.0,-0.16262975778546718,-47.0,7,263,79,21,30.980390310287476,-9.980390310287476,4
146,428,53.53,3,61.01,4,Stuart-Hobson Middle School (Capitol Hill Cluster),3.0,DCPS,1,District of Columbia Public Schools,18565.0,11690.0,6875.0,7355708.0,454.0,19084.0,12886.0,6198.0,8338901.0,487.0,-0.027195556487109585,-519.0,-0.09281390656526467,-1196.0,0.10922878347854148,677.0,-0.1179043857218115,-983193.0,-0.06776180698151946,-33.0,6,463,27,27,27.37818956375122,-0.3781895637512207,2
147,433,46.49,3,50.07,3,Jefferson Middle School Academy,3.0,DCPS,1,District of Columbia Public Schools,20586.0,13711.0,6875.0,6261101.0,341.0,20920.0,14723.0,6198.0,6564741.0,353.0,-0.015965583173996212,-334.0,-0.06873599130611963,-1012.0,0.10922878347854148,677.0,-0.04625315758839532,-303640.0,-0.03399433427762044,-12.0,6,365,61,39,44.590163230895996,-5.590163230895996,4
148,435,26.23,2,18.81,1,McKinley Middle School,3.0,DCPS,1,District of Columbia Public Schools,24374.0,17499.0,6875.0,5107872.0,231.0,23742.0,17545.0,6198.0,5296421.0,247.0,0.026619492881812867,632.0,-0.002621829581077262,-46.0,0.10922878347854148,677.0,-0.03559932263692789,-188549.0,-0.06477732793522262,-16.0,5,262,60,40,43.661969900131226,-3.6619699001312256,4
149,436,29.57,2,15.1,1,Ron Brown College Preparatory High School,4.0,DCPS,1,District of Columbia Public Schools,28544.0,21669.0,6875.0,6705612.0,261.0,33158.0,26961.0,6198.0,7534296.0,252.0,-0.13915193920019298,-4614.0,-0.1962835206409258,-5292.0,0.10922878347854148,677.0,-0.10998824574983512,-828684.0,0.03571428571428581,9.0,7,277,55,45,45.71428298950195,-0.7142829895019531,3
150,442,58.59,3,58.12,3,Columbia Heights Education Campus,4.0,DCPS,1,District of Columbia Public Schools,18505.0,11630.0,6875.0,21011760.0,1320.0,18442.0,12245.0,6198.0,23983314.0,1481.0,0.0034161153887863893,63.0,-0.05022458146182118,-615.0,0.10922878347854148,677.0,-0.12390089209522925,-2971554.0,-0.10871033085752868,-161.0,1,1418,53,47,49.6257483959198,-2.6257483959198,3
151,450,2.85,1,3.68,1,Anacostia High School,4.0,DCPS,1,District of Columbia Public Schools,35043.0,28168.0,6875.0,9353600.0,296.0,38127.0,31929.0,6198.0,10549344.0,321.0,-0.0808875599968526,-3084.0,-0.11779260233643396,-3761.0,0.10922878347854148,677.0,-0.1133477114785526,-1195744.0,-0.07788161993769471,-25.0,8,392,81,19,16.703784465789795,2.296215534210205,5
152,452,4.65,1,4.83,1,Ballou High School,4.0,DCPS,1,District of Columbia Public Schools,24518.0,17643.0,6875.0,13594750.0,650.0,28097.0,21900.0,6198.0,13821906.0,573.0,-0.12738014734669179,-3579.0,-0.19438356164383563,-4257.0,0.10922878347854148,677.0,-0.016434491740864088,-227156.0,0.13438045375218155,77.0,8,746,79,21,21.827954053878784,-0.8279540538787842,4
153,454,15.12,1,16.17,1,Cardozo Education Campus,4.0,DCPS,1,District of Columbia Public Schools,24539.0,17664.0,6875.0,16292640.0,746.0,27482.0,21284.0,6198.0,17583425.0,725.0,-0.10708827596244819,-2943.0,-0.1700808118774666,-3620.0,0.10922878347854148,677.0,-0.0734091907577733,-1290785.0,0.028965517241379413,21.0,1,831,65,35,30.402010679244995,4.597989320755005,4
154,455,13.24,1,14.79,1,Coolidge High School,4.0,DCPS,1,District of Columbia Public Schools,29588.0,22713.0,6875.0,8655363.0,327.0,27240.0,21042.0,6198.0,10944693.0,457.0,0.08619676945668142,2348.0,0.07941260336469913,1671.0,0.10922878347854148,677.0,-0.2091726099580865,-2289330.0,-0.2844638949671773,-130.0,4,378,68,32,34.39306616783142,-2.393066167831421,4
155,457,31.67,2,25.45,2,Eastern High School,4.0,DCPS,1,District of Columbia Public Schools,21062.0,14187.0,6875.0,13314624.0,744.0,22190.0,15992.0,6198.0,15325200.0,792.0,-0.05083370887787286,-1128.0,-0.11286893446723356,-1805.0,0.10922878347854148,677.0,-0.1311941116592279,-2010576.0,-0.06060606060606055,-48.0,6,820,63,37,36.67481541633606,0.32518458366394043,4
156,458,85.43,5,87.04,5,McKinley Technology High School,4.0,DCPS,1,District of Columbia Public Schools,19797.0,12922.0,6875.0,10674279.0,633.0,20831.0,14633.0,6198.0,12098131.0,653.0,-0.0496375594066536,-1034.0,-0.11692749265359115,-1711.0,0.10922878347854148,677.0,-0.11769189802953861,-1423852.0,-0.030627871362940318,-20.0,5,638,34,34,33.27948451042175,0.7205154895782471,2
157,459,10.62,1,12.69,1,Roosevelt High School,4.0,DCPS,1,District of Columbia Public Schools,23889.0,17014.0,6875.0,13726245.0,645.0,22286.0,16088.0,6198.0,15307008.0,768.0,0.07192856501839717,1603.0,0.05755842864246641,926.0,0.10922878347854148,677.0,-0.10327054117956946,-1580763.0,-0.16015625,-123.0,4,767,65,35,34.932535886764526,0.06746411323547363,4
158,463,74.46,4,71.99,4,Woodrow Wilson High School,4.0,DCPS,1,District of Columbia Public Schools,16519.0,9644.0,6875.0,26255724.0,1796.0,16800.0,10602.0,6198.0,27896544.0,1872.0,-0.016726190476190506,-281.0,-0.09036030937558948,-958.0,0.10922878347854148,677.0,-0.05881803853552614,-1640820.0,-0.040598290598290565,-76.0,3,1895,22,22,24.185246229171753,-2.185246229171753,2
159,464,24.54,2,18.34,1,H.D. Woodson High School,4.0,DCPS,1,District of Columbia Public Schools,27226.0,20351.0,6875.0,10840375.0,455.0,27984.0,21786.0,6198.0,11414520.0,468.0,-0.027086906803887922,-758.0,-0.06586798861654275,-1435.0,0.10922878347854148,677.0,-0.050299530773085466,-574145.0,-0.02777777777777779,-13.0,7,541,69,31,32.01892971992493,-1.0189297199249268,4
160,466,98.56,5,97.9,5,School Without Walls High School,4.0,DCPS,1,District of Columbia Public Schools,16893.0,10018.0,6875.0,8579856.0,592.0,17847.0,11650.0,6198.0,9542286.0,591.0,-0.05345436207766008,-954.0,-0.1400858369098712,-1632.0,0.10922878347854148,677.0,-0.10085947958382302,-962430.0,0.0016920473773265332,1.0,2,597,10,10,11.643832921981812,-1.6438329219818115,1
161,467,26.57,2,22.24,2,Dunbar High School,4.0,DCPS,1,District of Columbia Public Schools,20005.0,13130.0,6875.0,11619140.0,667.0,22702.0,16505.0,6198.0,12937320.0,648.0,-0.11880010571755795,-2697.0,-0.20448348985156017,-3375.0,0.10922878347854148,677.0,-0.10188972677494257,-1318180.0,0.029320987654321007,19.0,5,738,65,35,32.705479860305786,2.294520139694214,4
162,471,72.66,4,74.13,4,Duke Ellington School of the Arts,4.0,DCPS,1,District of Columbia Public Schools,16176.0,9301.0,6875.0,7987520.0,545.0,14580.0,8382.0,6198.0,7277436.0,558.0,0.10946502057613161,1596.0,0.10963970412789315,919.0,0.10922878347854148,677.0,0.09757337611763273,710084.0,-0.023297491039426577,-13.0,2,579,26,26,27.49003767967224,-1.4900376796722412,2
163,478,44.7,3,54.27,3,"Phelps Architecture, Construction and Engineering High School",4.0,DCPS,1,District of Columbia Public Schools,24828.0,17953.0,6875.0,5905260.0,265.0,28758.0,22560.0,6198.0,6718237.0,257.0,-0.13665762570415185,-3930.0,-0.20421099290780143,-4607.0,0.10922878347854148,677.0,-0.12101046747829824,-812977.0,0.03112840466926059,8.0,5,270,51,49,49.390244483947754,-0.3902444839477539,3
164,1100,33.69,2,23.53,2,Achievement Preparatory Academy PCS - Wahler Place Middle School,3.0,Charter,155,Achievement Preparatory Academy PCS,17575.0,13403.0,4171.0,6951600.0,450.0,21630.0,10708.0,10922.0,6652869.0,361.0,-0.18747110494683306,-4055.0,0.25168098617855805,2695.0,-0.6181102362204725,-6751.0,0.044902582630140575,298731.0,0.24653739612188375,89.0,8,459,65,35,49.145299196243286,-14.145299196243286,4
165,1103,73.76,4,76.49,4,Center City PCS - Brightwood,3.0,Charter,156,Center City PCS,19236.0,15423.0,3812.0,4511646.0,258.0,20691.0,16919.0,3773.0,5020938.0,258.0,-0.0703204291721038,-1455.0,-0.0884213014953602,-1496.0,0.010336602173336873,39.0,-0.10143363650377679,-509292.0,0.0,0.0,4,260,31,31,38.76811861991882,-7.768118619918823,2
166,1104,37.42,2,33.71,2,Center City PCS - Capitol Hill,3.0,Charter,156,Center City PCS,17404.0,13852.0,3552.0,4143792.0,262.0,19320.0,15647.0,3673.0,4703140.0,260.0,-0.09917184265010348,-1916.0,-0.11471847638524957,-1795.0,-0.032943098284780814,-121.0,-0.11893075689858268,-559348.0,0.007692307692307665,2.0,6,270,56,44,49.57982897758484,-5.579828977584839,3
167,1105,63.97,4,80.48,5,Center City PCS - Congress Heights,3.0,Charter,156,Center City PCS,17735.0,14288.0,3446.0,4015000.0,250.0,18723.0,15267.0,3456.0,4407984.0,252.0,-0.05276932115579769,-988.0,-0.06412523744023058,-979.0,-0.0028935185185184897,-10.0,-0.08915277369427843,-392984.0,-0.007936507936507908,-2.0,8,256,54,46,46.24505639076233,-0.2450563907623291,3
168,1106,58.58,3,46.73,3,Center City PCS - Petworth,3.0,Charter,156,Center City PCS,19735.0,15996.0,3739.0,4485250.0,250.0,20409.0,16657.0,3752.0,4890645.0,255.0,-0.03302464598951438,-674.0,-0.039683016149366646,-661.0,-0.0034648187633262717,-13.0,-0.08289192938763701,-405395.0,-0.019607843137254943,-5.0,4,255,33,33,35.01945734024048,-2.0194573402404785,2
169,1107,48.65,3,43.36,3,Center City PCS - Shaw,3.0,Charter,156,Center City PCS,18951.0,15252.0,3699.0,3963590.0,230.0,20852.0,17127.0,3725.0,4532682.0,231.0,-0.0911663149817763,-1901.0,-0.10947626554562973,-1875.0,-0.006979865771812088,-26.0,-0.1255530390175177,-569092.0,-0.0043290043290042934,-1.0,6,237,44,44,49.145299196243286,-5.145299196243286,3
170,1108,20.79,2,34.91,2,Center City PCS - Trinidad,3.0,Charter,156,Center City PCS,21089.0,17417.0,3672.0,3971088.0,207.0,22370.0,18695.0,3675.0,4629660.0,219.0,-0.057264193115780015,-1281.0,-0.0683605242043327,-1278.0,-0.0008163265306122547,-3.0,-0.14225061883594048,-658572.0,-0.0547945205479452,-12.0,5,209,61,39,35.86956262588501,3.1304373741149902,4
171,1110,63.92,4,68.83,4,DC Prep PCS - Benning Elementary School,2.0,Charter,115,DC Prep PCS,19968.0,16515.0,3453.0,8098164.0,449.0,19552.0,16302.0,3250.0,8220485.0,455.0,0.02127659574468077,416.0,0.013065881486934217,213.0,0.06246153846153857,203.0,-0.014880022285789662,-122321.0,-0.01318681318681314,-6.0,7,455,58,42,44.320714473724365,-2.3207144737243652,3
172,1117,91.19,5,86.82,5,Washington Yu Ying PCS,2.0,Charter,160,Washington Yu Ying PCS,17242.0,,,9390207.0,569.0,18133.0,,,10062196.0,569.0,-0.04913693266420338,-891.0,,,,,-0.06678353313729923,-671989.0,0.0,0.0,5,570,6,6,3.8528919219970703,2.1471080780029297,1
173,1118,90.89,5,88.51,5,Washington Latin PCS - Upper School,4.0,Charter,151,Washington Latin PCS,19446.0,19446.0,0.0,6216912.0,328.0,22299.0,22299.0,0.0,7383332.0,341.0,-0.1279429570832773,-2853.0,-0.1279429570832773,-2853.0,,0.0,-0.1579801639693298,-1166420.0,-0.038123167155425186,-13.0,4,333,14,14,15.223878622055054,-1.2238786220550537,1
174,1120,19.69,1,28.35,2,National Collegiate Preparatory PCHS,4.0,Charter,163,National Collegiate Preparatory PCHS,24015.0,,,5513256.0,252.0,,,,,,0.0,,,,,,0.0,,0.0,,8,268,74,26,34.18181538581848,-8.181815385818481,4
175,1121,74.74,4,84.09,5,KIPP DC - Promise Academy PCS,2.0,Charter,129,KIPP DC PCS,18393.0,15965.0,2428.0,8295770.0,518.0,20039.0,16454.0,3586.0,9404033.0,529.0,-0.08213982733669345,-1646.0,-0.029719217211620297,-489.0,-0.32292247629670945,-1158.0,-0.1178497565884764,-1108263.0,-0.020793950850661602,-11.0,7,522,59,41,44.952380657196045,-3.952380657196045,3
176,1123,57.18,3,69.43,4,KIPP DC - College Preparatory Academy PCS,4.0,Charter,129,KIPP DC PCS,23573.0,21145.0,2428.0,17265456.0,802.0,25132.0,21546.0,3586.0,18988740.0,820.0,-0.062032468565971666,-1559.0,-0.018611343172746708,-401.0,-0.32292247629670945,-1158.0,-0.09075294095342823,-1723284.0,-0.02195121951219514,-18.0,5,822,51,49,47.138047218322754,1.861952781677246,3
177,1124,30.91,2,46.74,3,Friendship PCS - Technology Preparatory Middle School,3.0,Charter,120,Friendship PCS,22919.0,20006.0,2913.0,2785668.0,138.0,26041.0,23212.0,2829.0,1553500.0,65.0,-0.11988786912944971,-3122.0,-0.13811821471652597,-3206.0,0.02969247083775195,84.0,0.7931560991309945,1232168.0,1.123076923076923,73.0,8,142,65,35,32.295721769332886,2.7042782306671143,4
178,1125,30.3,2,47.29,3,Eagle Academy PCS - Fairlawn,2.0,Charter,117,Eagle Academy PCS,26862.0,24059.0,2803.0,3578172.0,156.0,25856.0,22629.0,3228.0,3889260.0,170.0,0.03890779702970293,1006.0,0.06319324760263378,1430.0,-0.1316604708798017,-425.0,-0.07998642415266655,-311088.0,-0.08235294117647063,-14.0,8,159,57,43,47.22222089767456,-4.2222208976745605,3
179,1138,55.47,3,52.97,3,E.L. Haynes PCS - High School,4.0,Charter,116,E.L. Haynes PCS,23363.0,20235.0,3128.0,9544912.0,436.0,23815.0,19979.0,3835.0,9724108.0,436.0,-0.01897963468402264,-452.0,0.012813454126833212,256.0,-0.184354628422425,-707.0,-0.018428014168497486,-179196.0,0.0,0.0,4,447,52,48,48.222219944000244,-0.22221994400024414,3
180,1164,56.55,3,62.94,4,Friendship PCS - Technology Preparatory High School,4.0,Charter,120,Friendship PCS,22919.0,20006.0,2913.0,5169150.0,270.0,26041.0,23212.0,2829.0,6494914.0,278.0,-0.11988786912944971,-3122.0,-0.13811821471652597,-3206.0,0.02969247083775195,84.0,-0.2041234110259197,-1325764.0,-0.02877697841726623,-8.0,8,277,63,37,30.472105741500854,6.5278942584991455,4
181,1206,68.38,4,68.06,4,E.L. Haynes PCS - Elementary School,2.0,Charter,116,E.L. Haynes PCS,22317.0,19328.0,2988.0,7318850.0,350.0,23830.0,19992.0,3838.0,7766664.0,348.0,-0.0634913973982375,-1513.0,-0.033213285314125596,-664.0,-0.22146951537258985,-850.0,-0.0576584747325235,-447814.0,0.005747126436781658,2.0,4,353,33,33,31.3043475151062,1.6956524848937988,2
182,1207,61.74,4,56.43,3,Capital City PCS - High School,4.0,Charter,108,Capital City PCS,26679.0,21687.0,4992.0,8361935.0,335.0,27133.0,22208.0,4925.0,8556576.0,336.0,-0.016732392289831588,-454.0,-0.023460014409221852,-521.0,0.013604060913705585,67.0,-0.0227475335928764,-194641.0,-0.0029761904761904656,-1.0,4,340,43,43,42.942941188812256,0.05705881118774414,3
183,3064,64.23,4,62.54,4,Inspired Teaching Demonstration PCS,3.0,Charter,165,Inspired Teaching Demonstration PCS,17551.0,,,7987180.0,470.0,19192.0,,,9091176.0,492.0,-0.08550437682367651,-1641.0,,,,,-0.12143599463919741,-1103996.0,-0.04471544715447151,-22.0,5,475,17,17,14.009660482406616,2.990339517593384,1
184,3065,67.22,4,68.8,4,Mundo Verde Bilingual PCS,2.0,Charter,171,Mundo Verde Bilingual PCS,17961.0,17961.0,0.0,10172844.0,594.0,17603.0,13440.0,4163.0,10481982.0,606.0,0.02033744248139513,358.0,0.3363839285714285,4521.0,-1.0,-4163.0,-0.029492323112174756,-309138.0,-0.01980198019801982,-12.0,5,604,12,12,9.236234426498413,2.763765573501587,1
185,3066,54.23,3,24.66,2,Shining Stars Montessori Academy PCS,2.0,Charter,166,Shining Stars Montessori Academy PCS,19108.0,,,5226045.0,285.0,17953.0,,,5077835.0,295.0,0.06433465159026341,1155.0,,,,,0.029187636069309075,148210.0,-0.03389830508474578,-10.0,5,315,17,17,18.71921420097351,-1.7192142009735107,1
186,3067,50.0,3,45.56,3,Richard Wright PCS for Journalism and Media Arts,4.0,Charter,167,Richard Wright PCS for Journalism and Media Arts,20592.0,,,5593692.0,299.0,24576.0,,,6327852.0,303.0,-0.162109375,-3984.0,,,,,-0.11602041261394858,-734160.0,-0.01320132013201325,-4.0,6,303,63,37,31.666666269302368,5.333333730697632,4
187,3068,88.42,5,81.08,5,BASIS DC PCS,4.0,Charter,168,BASIS DC PCS,12423.0,,,7754201.0,637.0,13047.0,,,8209920.0,640.0,-0.04782708668659463,-624.0,,,,,-0.0555083362566261,-455719.0,-0.004687499999999956,-3.0,2,642,8,8,7.872694730758667,0.127305269241333,1
188,3069,40.76,3,56.53,3,Creative Minds International PCS,3.0,Charter,169,Creative Minds International PCS,24753.0,,,11947152.0,496.0,23993.0,,,11244744.0,518.0,0.03167590547242938,760.0,,,,,0.062465450525152066,702408.0,-0.0424710424710425,-22.0,5,512,16,16,9.090906381607056,6.909093618392944,1
189,3070,24.97,2,34.42,2,DC Scholars PCS,3.0,Charter,170,DC Scholars PCS,20321.0,,,9866310.0,543.0,20332.0,,,9219114.0,554.0,-0.0005410190832185746,-11.0,,,,,0.07020153997444867,647196.0,-0.019855595667869985,-11.0,7,548,63,37,44.158416986465454,-7.158416986465454,4
190,3071,66.23,4,59.16,3,KIPP DC - Heights Academy PCS,2.0,Charter,129,KIPP DC PCS,18763.0,16335.0,2428.0,7662270.0,462.0,20459.0,16873.0,3586.0,8489970.0,465.0,-0.08289750232171655,-1696.0,-0.03188526047531559,-538.0,-0.32292247629670945,-1158.0,-0.0974915105707087,-827700.0,-0.006451612903225823,-3.0,8,471,62,38,41.86550974845886,-3.8655097484588623,4
