,schoolid_stateassigned,schoolname,level,schtype_raw_DC,distid_stateassigned,distname,year_1819,pp_total_raw_DC_1819,pp_site_raw_DC_1819,pp_centshare_raw_DC_1819,schoolstloc_raw_DC_1819,enroll_raw_DC_1819,year_1920,pp_total_raw_DC_1920,pp_site_raw_DC_1920,pp_centshare_raw_DC_1920,schoolstloc_raw_DC_1920,enroll_raw_DC_1920,pp_total_raw_cmp(%)
0,233,Academy of Hope Adult PCS,,Charter,178,Academy of Hope Adult PCS,2018-2019,14478.0,,,6199570.0,463.0,2019-2020,14670.0,,,5566158.0,486.0,-0.013087934560327197
1,217,Achievement Preparatory Academy PCS - Wahler Place Elementary School,2.0,Charter,155,Achievement Preparatory Academy PCS,2018-2019,22085.0,18270.0,3815.0,7525500.0,375.0,2019-2020,19357.0,8764.0,10593.0,6333696.0,384.0,0.14093092937955265
2,1100,Achievement Preparatory Academy PCS - Wahler Place Middle School,3.0,Charter,155,Achievement Preparatory Academy PCS,2018-2019,17575.0,13403.0,4171.0,6951600.0,450.0,2019-2020,21630.0,10708.0,10922.0,6652869.0,361.0,-0.18747110494683306
3,140,AppleTree Early Learning Center PCS - Columbia Heights,1.0,Charter,103,AppleTree Early Learning PCS,2018-2019,20263.0,16917.0,3346.0,2864400.0,154.0,2019-2020,21271.0,17668.0,3603.0,2409036.0,147.0,-0.04738846316581258
4,3072,AppleTree Early Learning Center PCS - Douglas Knoll,1.0,Charter,103,AppleTree Early Learning PCS,2018-2019,19798.0,16453.0,3346.0,1566270.0,90.0,2019-2020,20762.0,17159.0,3603.0,1356805.0,89.0,-0.046430979674405126
5,3073,AppleTree Early Learning Center PCS - Lincoln Park,1.0,Charter,103,AppleTree Early Learning PCS,2018-2019,25514.0,22169.0,3346.0,1439400.0,60.0,2019-2020,24132.0,20529.0,3603.0,1207440.0,60.0,0.05726835736781033
6,1137,AppleTree Early Learning Center PCS - Oklahoma Avenue,1.0,Charter,103,AppleTree Early Learning PCS,2018-2019,21897.0,18551.0,3346.0,2994632.0,151.0,2019-2020,23159.0,19556.0,3603.0,2571591.0,149.0,-0.054492853750161885
7,1069,AppleTree Early Learning Center PCS - Parklands at THEARC,1.0,Charter,103,AppleTree Early Learning PCS,2018-2019,22693.0,19348.0,3346.0,1863828.0,92.0,2019-2020,23458.0,19855.0,3603.0,1778337.0,99.0,-0.03261147582914148
8,3068,BASIS DC PCS,4.0,Charter,168,BASIS DC PCS,2018-2019,12423.0,,,7754201.0,637.0,2019-2020,13047.0,,,8209920.0,640.0,-0.04782708668659463
9,289,Breakthrough Montessori PCS,2.0,Charter,189,Breakthrough Montessori PCS,2018-2019,22864.0,,,4043568.0,183.0,2019-2020,20575.0,,,4181625.0,225.0,0.1112515188335359
10,142,Bridges PCS,2.0,Charter,107,Bridges PCS,2018-2019,29446.0,,,11299100.0,412.0,2019-2020,28611.0,,,10810776.0,408.0,0.02918457935758978
11,126,Briya PCS,,Charter,119,Briya PCS,2018-2019,16045.0,,,11300954.0,721.0,2019-2020,15232.0,,,11007405.0,739.0,0.05337447478991586
12,1207,Capital City PCS - High School,4.0,Charter,108,Capital City PCS,2018-2019,26679.0,21687.0,4992.0,8361935.0,335.0,2019-2020,27133.0,22208.0,4925.0,8556576.0,336.0,-0.016732392289831588
13,184,Capital City PCS - Lower School,2.0,Charter,108,Capital City PCS,2018-2019,27671.0,22493.0,5178.0,8361824.0,323.0,2019-2020,27133.0,22208.0,4925.0,8225518.0,323.0,0.01982825341834671
14,182,Capital City PCS - Middle School,3.0,Charter,108,Capital City PCS,2018-2019,25724.0,20910.0,4814.0,8062110.0,335.0,2019-2020,27133.0,22208.0,4925.0,8480178.0,333.0,-0.05192938488187815
15,1119,Carlos Rosario International PCS,,Charter,162,Carlos Rosario International PCS,2018-2019,13674.0,,,28989867.0,2139.0,2019-2020,14420.0,,,30628080.0,2124.0,-0.05173370319001391
16,188,Cedar Tree Academy PCS,1.0,Charter,123,Cedar Tree Academy PCS,2018-2019,19581.0,,,6339940.0,359.0,2019-2020,22006.0,,,7165066.0,362.0,-0.110197218940289
17,1103,Center City PCS - Brightwood,3.0,Charter,156,Center City PCS,2018-2019,19236.0,15423.0,3812.0,4511646.0,258.0,2019-2020,20691.0,16919.0,3773.0,5020938.0,258.0,-0.0703204291721038
18,1104,Center City PCS - Capitol Hill,3.0,Charter,156,Center City PCS,2018-2019,17404.0,13852.0,3552.0,4143792.0,262.0,2019-2020,19320.0,15647.0,3673.0,4703140.0,260.0,-0.09917184265010348
19,1105,Center City PCS - Congress Heights,3.0,Charter,156,Center City PCS,2018-2019,17735.0,14288.0,3446.0,4015000.0,250.0,2019-2020,18723.0,15267.0,3456.0,4407984.0,252.0,-0.05276932115579769
20,1106,Center City PCS - Petworth,3.0,Charter,156,Center City PCS,2018-2019,19735.0,15996.0,3739.0,4485250.0,250.0,2019-2020,20409.0,16657.0,3752.0,4890645.0,255.0,-0.03302464598951438
21,1107,Center City PCS - Shaw,3.0,Charter,156,Center City PCS,2018-2019,18951.0,15252.0,3699.0,3963590.0,230.0,2019-2020,20852.0,17127.0,3725.0,4532682.0,231.0,-0.0911663149817763
22,1108,Center City PCS - Trinidad,3.0,Charter,156,Center City PCS,2018-2019,21089.0,17417.0,3672.0,3971088.0,207.0,2019-2020,22370.0,18695.0,3675.0,4629660.0,219.0,-0.057264193115780015
23,109,Cesar Chavez PCS for Public Policy - Parkside High School,4.0,Charter,109,Cesar Chavez PCS for Public Policy,2018-2019,28872.0,25912.0,2959.0,9171400.0,350.0,2019-2020,32651.0,32651.0,0.0,10725723.0,369.0,-0.11573918103580294
24,102,Cesar Chavez PCS for Public Policy - Parkside Middle School,3.0,Charter,109,Cesar Chavez PCS for Public Policy,2018-2019,27908.0,26083.0,1826.0,3488723.0,133.0,2019-2020,32651.0,32651.0,0.0,1642860.0,60.0,-0.14526354476126302
25,216,Community College Preparatory Academy PCS,,Charter,176,Community College Preparatory Academy PCS,2018-2019,12164.0,,,7500252.0,617.0,2019-2020,12020.0,,,7456800.0,624.0,0.011980033277870117
26,3069,Creative Minds International PCS,3.0,Charter,169,Creative Minds International PCS,2018-2019,24753.0,,,11947152.0,496.0,2019-2020,23993.0,,,11244744.0,518.0,0.03167590547242938
27,199,DC Bilingual PCS,2.0,Charter,114,DC Bilingual PCS,2018-2019,21650.0,,,8695296.0,444.0,2019-2020,25385.0,,,10168491.0,453.0,-0.14713413433129796
28,276,DC Prep PCS - Anacostia Elementary School,2.0,Charter,115,DC Prep PCS,2018-2019,19875.0,16422.0,3453.0,6792059.0,379.0,2019-2020,18697.0,15447.0,3250.0,7901226.0,459.0,0.06300476012194478
29,1110,DC Prep PCS - Benning Elementary School,2.0,Charter,115,DC Prep PCS,2018-2019,19968.0,16515.0,3453.0,8098164.0,449.0,2019-2020,19552.0,16302.0,3250.0,8220485.0,455.0,0.02127659574468077
30,218,DC Prep PCS - Benning Middle School,3.0,Charter,115,DC Prep PCS,2018-2019,18633.0,15179.0,3453.0,5767674.0,341.0,2019-2020,18701.0,15451.0,3250.0,5910444.0,342.0,-0.0036361691888134873
31,130,DC Prep PCS - Edgewood Elementary School,2.0,Charter,115,DC Prep PCS,2018-2019,19194.0,15740.0,3453.0,7856871.0,451.0,2019-2020,19853.0,16603.0,3250.0,8151364.0,442.0,-0.03319397572155347
32,196,DC Prep PCS - Edgewood Middle School,3.0,Charter,115,DC Prep PCS,2018-2019,20193.0,16740.0,3453.0,6233442.0,334.0,2019-2020,20413.0,17163.0,3250.0,6492867.0,339.0,-0.010777445745358327
33,3070,DC Scholars PCS,3.0,Charter,170,DC Scholars PCS,2018-2019,20321.0,,,9866310.0,543.0,2019-2020,20332.0,,,9219114.0,554.0,-0.0005410190832185746
34,1038,Digital Pioneers Academy PCS,3.0,Charter,317,Digital Pioneers Academy PCS,2018-2019,34648.0,,,3382200.0,120.0,2019-2020,25650.0,,,5719491.0,243.0,0.35079922027290444
35,248,District of Columbia International School,4.0,Charter,181,District of Columbia International School,2018-2019,14049.0,,,13946845.0,1061.0,2019-2020,15164.0,,,17761728.0,1264.0,-0.07352941176470584
36,202,Aiton Elementary School,2.0,DCPS,1,District of Columbia Public Schools,2018-2019,20775.0,13900.0,6875.0,4349788.0,244.0,2019-2020,22344.0,16147.0,6198.0,4316480.0,224.0,-0.07022019334049412
37,203,Amidon-Bowen Elementary School,2.0,DCPS,1,District of Columbia Public Schools,2018-2019,19992.0,13117.0,6875.0,5969451.0,339.0,2019-2020,21463.0,15265.0,6198.0,6332170.0,335.0,-0.06853655127428593
38,450,Anacostia High School,4.0,DCPS,1,District of Columbia Public Schools,2018-2019,35043.0,28168.0,6875.0,9353600.0,296.0,2019-2020,38127.0,31929.0,6198.0,10549344.0,321.0,-0.0808875599968526
39,452,Ballou High School,4.0,DCPS,1,District of Columbia Public Schools,2018-2019,24518.0,17643.0,6875.0,13594750.0,650.0,2019-2020,28097.0,21900.0,6198.0,13821906.0,573.0,-0.12738014734669179
40,462,Ballou STAY High School,4.0,DCPS (Alternative),1,District of Columbia Public Schools,2018-2019,14675.0,7800.0,6875.0,6796280.0,524.0,2019-2020,16738.0,10540.0,6198.0,7365491.0,491.0,-0.12325247938821837
41,204,Bancroft Elementary School,2.0,DCPS,1,District of Columbia Public Schools,2018-2019,20840.0,13965.0,6875.0,10490067.0,567.0,2019-2020,20499.0,14301.0,6198.0,11166848.0,616.0,0.01663495780281954
42,1058,Bard HS Early College DC,4.0,NRD,1,District of Columbia Public Schools,2018-2019,,,,,,2019-2020,22679.0,16482.0,6198.0,3461409.0,167.0,
43,205,Barnard Elementary School,2.0,DCPS,1,District of Columbia Public Schools,2018-2019,21210.0,14335.0,6875.0,11617560.0,620.0,2019-2020,20881.0,14684.0,6198.0,11738466.0,646.0,0.015755950385518025
44,206,Beers Elementary School,2.0,DCPS,1,District of Columbia Public Schools,2018-2019,20598.0,13723.0,6875.0,8695398.0,489.0,2019-2020,21323.0,15125.0,6198.0,8969275.0,479.0,-0.03400084415888949
45,402,Benjamin Banneker High School,4.0,DCPS,1,District of Columbia Public Schools,2018-2019,17790.0,10915.0,6875.0,7529804.0,482.0,2019-2020,17725.0,11528.0,6198.0,8252940.0,523.0,0.003667136812411931
46,212,Brent Elementary School,2.0,DCPS,1,District of Columbia Public Schools,2018-2019,16933.0,10058.0,6875.0,6559056.0,432.0,2019-2020,16980.0,10782.0,6198.0,6637156.0,437.0,-0.0027679623085983263
47,213,Brightwood Education Campus,3.0,DCPS,1,District of Columbia Public Schools,2018-2019,20682.0,13807.0,6875.0,13943183.0,757.0,2019-2020,22850.0,16653.0,6198.0,14553043.0,713.0,-0.09487964989059083
48,347,Brookland Middle School,3.0,DCPS,1,District of Columbia Public Schools,2018-2019,20704.0,13829.0,6875.0,4975290.0,270.0,2019-2020,20227.0,14029.0,6198.0,6492600.0,360.0,0.023582340436050897
49,404,Browne Education Campus,3.0,DCPS,1,District of Columbia Public Schools,2018-2019,21557.0,14682.0,6875.0,7072744.0,371.0,2019-2020,21317.0,15120.0,6198.0,8167246.0,433.0,0.011258619880846199
50,296,Bruce-Monroe Elementary School @ Park View,2.0,DCPS,1,District of Columbia Public Schools,2018-2019,22121.0,15246.0,6875.0,8978959.0,451.0,2019-2020,22194.0,15996.0,6198.0,9314789.0,473.0,-0.0032891772551140175
51,219,Bunker Hill Elementary School,,DCPS,1,District of Columbia Public Schools,2018-2019,21933.0,15058.0,6875.0,4207177.0,221.0,2019-2020,22715.0,16518.0,6198.0,4593790.0,230.0,-0.034426590358793696
52,346,Bunker Hill ES,2.0,NRD,1,District of Columbia Public Schools,2018-2019,,,,,,2019-2020,,,,,,
53,220,Burroughs Elementary School,2.0,DCPS,1,District of Columbia Public Schools,2018-2019,23352.0,16477.0,6875.0,5698329.0,273.0,2019-2020,24377.0,18179.0,6198.0,6107835.0,285.0,-0.042047831972761185
54,221,Burrville Elementary School,2.0,DCPS,1,District of Columbia Public Schools,2018-2019,19857.0,12982.0,6875.0,5153060.0,295.0,2019-2020,19176.0,12978.0,6198.0,5105376.0,311.0,0.03551314142678352
55,247,C.W. Harris Elementary School,2.0,DCPS,1,District of Columbia Public Schools,2018-2019,23506.0,16631.0,6875.0,4874088.0,232.0,2019-2020,23973.0,17775.0,6198.0,4869200.0,235.0,-0.019480248613023
56,360,Capitol Hill Montessori School @ Logan,3.0,DCPS,1,District of Columbia Public Schools,2018-2019,17471.0,10596.0,6875.0,5683400.0,362.0,2019-2020,20561.0,14363.0,6198.0,6067750.0,325.0,-0.15028451923544572
57,454,Cardozo Education Campus,4.0,DCPS,1,District of Columbia Public Schools,2018-2019,24539.0,17664.0,6875.0,16292640.0,746.0,2019-2020,27482.0,21284.0,6198.0,17583425.0,725.0,-0.10708827596244819
58,224,Cleveland Elementary School,2.0,DCPS,1,District of Columbia Public Schools,2018-2019,22738.0,15863.0,6875.0,6183968.0,304.0,2019-2020,22679.0,16481.0,6198.0,6230532.0,308.0,0.002601525640460345
59,442,Columbia Heights Education Campus,4.0,DCPS,1,District of Columbia Public Schools,2018-2019,18505.0,11630.0,6875.0,21011760.0,1320.0,2019-2020,18442.0,12245.0,6198.0,23983314.0,1481.0,0.0034161153887863893
60,455,Coolidge High School,4.0,DCPS,1,District of Columbia Public Schools,2018-2019,29588.0,22713.0,6875.0,8655363.0,327.0,2019-2020,27240.0,21042.0,6198.0,10944693.0,457.0,0.08619676945668142
61,405,Deal Middle School,3.0,DCPS,1,District of Columbia Public Schools,2018-2019,15797.0,8922.0,6875.0,21019636.0,1507.0,2019-2020,16290.0,10092.0,6198.0,20935422.0,1458.0,-0.030263965623081646
62,349,Dorothy I. Height Elementary School,2.0,DCPS,1,District of Columbia Public Schools,2018-2019,22120.0,15245.0,6875.0,9573600.0,480.0,2019-2020,23212.0,17014.0,6198.0,9903656.0,476.0,-0.04704463208685161
63,231,Drew Elementary School,2.0,DCPS,1,District of Columbia Public Schools,2018-2019,22743.0,15868.0,6875.0,4648964.0,236.0,2019-2020,22938.0,16741.0,6198.0,4698486.0,234.0,-0.00850117708605802
64,471,Duke Ellington School of the Arts,4.0,DCPS,1,District of Columbia Public Schools,2018-2019,16176.0,9301.0,6875.0,7987520.0,545.0,2019-2020,14580.0,8382.0,6198.0,7277436.0,558.0,0.10946502057613161
65,467,Dunbar High School,4.0,DCPS,1,District of Columbia Public Schools,2018-2019,20005.0,13130.0,6875.0,11619140.0,667.0,2019-2020,22702.0,16505.0,6198.0,12937320.0,648.0,-0.11880010571755795
66,457,Eastern High School,4.0,DCPS,1,District of Columbia Public Schools,2018-2019,21062.0,14187.0,6875.0,13314624.0,744.0,2019-2020,22190.0,15992.0,6198.0,15325200.0,792.0,-0.05083370887787286
67,232,Eaton Elementary School,2.0,DCPS,1,District of Columbia Public Schools,2018-2019,16802.0,9927.0,6875.0,7155504.0,474.0,2019-2020,17296.0,11099.0,6198.0,7248307.0,467.0,-0.02856151711378352
68,407,Eliot-Hine Middle School,3.0,DCPS,1,District of Columbia Public Schools,2018-2019,27578.0,20703.0,6875.0,5723904.0,232.0,2019-2020,25790.0,19593.0,6198.0,5808278.0,262.0,0.06932919736331922
69,318,Excel Academy,3.0,DCPS,1,District of Columbia Public Schools,2018-2019,19872.0,12997.0,6875.0,8311618.0,469.0,2019-2020,19349.0,13152.0,6198.0,7469564.0,449.0,0.02702982066256654
70,238,Garfield Elementary School,2.0,DCPS,1,District of Columbia Public Schools,2018-2019,22386.0,15511.0,6875.0,5805159.0,291.0,2019-2020,21442.0,15244.0,6198.0,5461344.0,288.0,0.0440257438671765
71,239,Garrison Elementary School,2.0,DCPS,1,District of Columbia Public Schools,2018-2019,21141.0,14266.0,6875.0,5202060.0,277.0,2019-2020,22101.0,15903.0,6198.0,5668680.0,291.0,-0.043436948554364085
72,227,H.D. Cooke Elementary School,2.0,DCPS,1,District of Columbia Public Schools,2018-2019,22164.0,15289.0,6875.0,7697043.0,387.0,2019-2020,20658.0,14460.0,6198.0,7468857.0,407.0,0.07290153935521348
73,464,H.D. Woodson High School,4.0,DCPS,1,District of Columbia Public Schools,2018-2019,27226.0,20351.0,6875.0,10840375.0,455.0,2019-2020,27984.0,21786.0,6198.0,11414520.0,468.0,-0.027086906803887922
74,246,Hardy Middle School,3.0,DCPS,1,District of Columbia Public Schools,2018-2019,19206.0,12331.0,6875.0,7815830.0,451.0,2019-2020,20119.0,13922.0,6198.0,8644812.0,474.0,-0.04537998906506291
75,413,Hart Middle School,3.0,DCPS,1,District of Columbia Public Schools,2018-2019,24910.0,18035.0,6875.0,8077839.0,357.0,2019-2020,22428.0,16230.0,6198.0,8661436.0,428.0,0.11066523987872312
76,258,Hearst Elementary School,2.0,DCPS,1,District of Columbia Public Schools,2018-2019,19015.0,12140.0,6875.0,5699158.0,331.0,2019-2020,19847.0,13649.0,6198.0,6112180.0,340.0,-0.041920693303773904
77,249,Hendley Elementary School,2.0,DCPS,1,District of Columbia Public Schools,2018-2019,22187.0,15312.0,6875.0,7252656.0,366.0,2019-2020,20968.0,14770.0,6198.0,6533100.0,357.0,0.058136207554368546
78,251,Houston Elementary School,2.0,DCPS,1,District of Columbia Public Schools,2018-2019,23169.0,16294.0,6875.0,5752459.0,277.0,2019-2020,24923.0,18725.0,6198.0,6069374.0,274.0,-0.07037676042210006
79,252,Hyde-Addison Elementary School,2.0,DCPS,1,District of Columbia Public Schools,2018-2019,17208.0,10333.0,6875.0,5422912.0,352.0,2019-2020,16754.0,10556.0,6198.0,5609920.0,376.0,0.027098006446221845
80,1071,Ida B. Wells MS,2.0,NRD,1,District of Columbia Public Schools,2018-2019,,,,,,2019-2020,27022.0,20825.0,6198.0,4554954.0,186.0,
81,339,J.O. Wilson Elementary School,2.0,DCPS,1,District of Columbia Public Schools,2018-2019,20579.0,13704.0,6875.0,8743410.0,477.0,2019-2020,21221.0,15023.0,6198.0,8834239.0,467.0,-0.030253051222845273
82,254,Janney Elementary School,2.0,DCPS,1,District of Columbia Public Schools,2018-2019,15805.0,8930.0,6875.0,10357085.0,739.0,2019-2020,16239.0,10041.0,6198.0,10830304.0,752.0,-0.026725783607364995
83,433,Jefferson Middle School Academy,3.0,DCPS,1,District of Columbia Public Schools,2018-2019,20586.0,13711.0,6875.0,6261101.0,341.0,2019-2020,20920.0,14723.0,6198.0,6564741.0,353.0,-0.015965583173996212
84,416,Johnson Middle School,3.0,DCPS,1,District of Columbia Public Schools,2018-2019,23628.0,16753.0,6875.0,5854750.0,275.0,2019-2020,21324.0,15127.0,6198.0,6431308.0,337.0,0.10804727068092301
85,421,Kelly Miller Middle School,3.0,DCPS,1,District of Columbia Public Schools,2018-2019,20943.0,14068.0,6875.0,9083290.0,482.0,2019-2020,19689.0,13492.0,6198.0,9439210.0,538.0,0.06369038549443862
86,257,Ketcham Elementary School,2.0,DCPS,1,District of Columbia Public Schools,2018-2019,18623.0,11748.0,6875.0,4867500.0,300.0,2019-2020,19426.0,13229.0,6198.0,5537436.0,326.0,-0.04133635334088337
87,272,Key Elementary School,2.0,DCPS,1,District of Columbia Public Schools,2018-2019,17696.0,10821.0,6875.0,6354474.0,399.0,2019-2020,18133.0,11935.0,6198.0,6225836.0,382.0,-0.0240997077152153
88,259,Kimball Elementary School,2.0,DCPS,1,District of Columbia Public Schools,2018-2019,19018.0,12143.0,6875.0,5740448.0,343.0,2019-2020,18946.0,12749.0,6198.0,6531504.0,392.0,0.003800274464266895
89,344,King Elementary School,2.0,DCPS,1,District of Columbia Public Schools,2018-2019,22881.0,16006.0,6875.0,5899410.0,295.0,2019-2020,21300.0,15103.0,6198.0,5704560.0,304.0,0.07422535211267611
90,417,Kramer Middle School,3.0,DCPS,1,District of Columbia Public Schools,2018-2019,25586.0,18711.0,6875.0,4755920.0,208.0,2019-2020,29800.0,23603.0,6198.0,5202912.0,208.0,-0.14140939597315438
91,261,Lafayette Elementary School,2.0,DCPS,1,District of Columbia Public Schools,2018-2019,16317.0,9442.0,6875.0,12482751.0,887.0,2019-2020,16344.0,10147.0,6198.0,13583000.0,940.0,-0.0016519823788546661
92,262,Langdon Elementary School,2.0,DCPS,1,District of Columbia Public Schools,2018-2019,19586.0,12711.0,6875.0,6131963.0,353.0,2019-2020,20492.0,14294.0,6198.0,6715500.0,370.0,-0.04421237556119462
93,370,Langley Elementary School,2.0,DCPS,1,District of Columbia Public Schools,2018-2019,23538.0,16663.0,6875.0,6100440.0,290.0,2019-2020,25810.0,19612.0,6198.0,6894888.0,308.0,-0.08802789616427742
94,264,LaSalle-Backus Education Campus,3.0,DCPS,1,District of Columbia Public Schools,2018-2019,23166.0,16291.0,6875.0,7986092.0,382.0,2019-2020,25891.0,19694.0,6198.0,8541708.0,366.0,-0.10524892819898801
95,291,Lawrence E. Boone Elementary School,2.0,DCPS,1,District of Columbia Public Schools,2018-2019,18464.0,11589.0,6875.0,7002550.0,430.0,2019-2020,19688.0,13491.0,6198.0,7358918.0,427.0,-0.06216984965461192
96,266,Leckie Education Campus,3.0,DCPS,1,District of Columbia Public Schools,2018-2019,18808.0,11933.0,6875.0,8668194.0,529.0,2019-2020,19643.0,13446.0,6198.0,8454038.0,491.0,-0.042508781754314495
97,271,Ludlow-Taylor Elementary School,2.0,DCPS,1,District of Columbia Public Schools,2018-2019,20481.0,13606.0,6875.0,7968728.0,439.0,2019-2020,20686.0,14489.0,6198.0,8506188.0,459.0,-0.009910084114860274
98,884,Luke C. Moore High School,4.0,DCPS (Alternative),1,District of Columbia Public Schools,2018-2019,19609.0,12734.0,6875.0,4925664.0,288.0,2019-2020,21114.0,14916.0,6198.0,5278000.0,280.0,-0.0712797196173155
99,420,MacFarland Middle School,3.0,DCPS,1,District of Columbia Public Schools,2018-2019,19925.0,13050.0,6875.0,6363858.0,354.0,2019-2020,19209.0,13011.0,6198.0,9632000.0,560.0,0.037274194388047244
100,308,Malcolm X Elementary School @ Green,2.0,DCPS,1,District of Columbia Public Schools,2018-2019,20612.0,13737.0,6875.0,4406578.0,242.0,2019-2020,22147.0,15949.0,6198.0,4525792.0,233.0,-0.06930961304014083
101,273,Mann Elementary School,2.0,DCPS,1,District of Columbia Public Schools,2018-2019,17218.0,10343.0,6875.0,6134841.0,397.0,2019-2020,17262.0,11064.0,6198.0,6590220.0,426.0,-0.002548951454060977
102,284,Marie Reed Elementary School,2.0,DCPS,1,District of Columbia Public Schools,2018-2019,22831.0,15956.0,6875.0,8957626.0,437.0,2019-2020,23394.0,17197.0,6198.0,9693908.0,461.0,-0.024065999829016027
103,274,Maury Elementary School,2.0,DCPS,1,District of Columbia Public Schools,2018-2019,17255.0,10380.0,6875.0,6304430.0,407.0,2019-2020,16692.0,10494.0,6198.0,6818897.0,457.0,0.03372873232686313
104,435,McKinley Middle School,3.0,DCPS,1,District of Columbia Public Schools,2018-2019,24374.0,17499.0,6875.0,5107872.0,231.0,2019-2020,23742.0,17545.0,6198.0,5296421.0,247.0,0.026619492881812867
105,458,McKinley Technology High School,4.0,DCPS,1,District of Columbia Public Schools,2018-2019,19797.0,12922.0,6875.0,10674279.0,633.0,2019-2020,20831.0,14633.0,6198.0,12098131.0,653.0,-0.0496375594066536
106,280,Miner Elementary School,2.0,DCPS,1,District of Columbia Public Schools,2018-2019,21511.0,14636.0,6875.0,6949972.0,361.0,2019-2020,22576.0,16379.0,6198.0,7440000.0,372.0,-0.04717399007795886
107,285,Moten Elementary School,2.0,DCPS,1,District of Columbia Public Schools,2018-2019,21305.0,14430.0,6875.0,6019428.0,323.0,2019-2020,23419.0,17221.0,6198.0,5585294.0,286.0,-0.09026858533669246
108,287,Murch Elementary School,2.0,DCPS,1,District of Columbia Public Schools,2018-2019,16791.0,9916.0,6875.0,8993965.0,601.0,2019-2020,16613.0,10416.0,6198.0,9293291.0,623.0,0.010714500692228901
109,288,Nalle Elementary School,2.0,DCPS,1,District of Columbia Public Schools,2018-2019,20284.0,13409.0,6875.0,6674430.0,370.0,2019-2020,21127.0,14929.0,6198.0,6399027.0,347.0,-0.03990154778245847
110,290,Noyes Elementary School,2.0,DCPS,1,District of Columbia Public Schools,2018-2019,23168.0,16293.0,6875.0,4655840.0,224.0,2019-2020,23917.0,17720.0,6198.0,4816500.0,228.0,-0.031316636701927525
111,292,Oyster-Adams Bilingual School,3.0,DCPS,1,District of Columbia Public Schools,2018-2019,18955.0,12080.0,6875.0,12113548.0,706.0,2019-2020,19190.0,12993.0,6198.0,12685774.0,731.0,-0.012245961438249076
112,294,Patterson Elementary School,2.0,DCPS,1,District of Columbia Public Schools,2018-2019,22011.0,15136.0,6875.0,7340176.0,386.0,2019-2020,22705.0,16508.0,6198.0,7739736.0,394.0,-0.03056595463554279
113,295,Payne Elementary School,2.0,DCPS,1,District of Columbia Public Schools,2018-2019,21855.0,14980.0,6875.0,6735236.0,346.0,2019-2020,22966.0,16769.0,6198.0,6531387.0,321.0,-0.04837585996690763
114,301,Peabody Elementary School (Capitol Hill Cluster),1.0,DCPS,1,District of Columbia Public Schools,2018-2019,18527.0,11652.0,6875.0,3749792.0,226.0,2019-2020,19168.0,12971.0,6198.0,3803304.0,222.0,-0.03344115191986641
115,478,"Phelps Architecture, Construction and Engineering High School",4.0,DCPS,1,District of Columbia Public Schools,2018-2019,24828.0,17953.0,6875.0,5905260.0,265.0,2019-2020,28758.0,22560.0,6198.0,6718237.0,257.0,-0.13665762570415185
116,299,Plummer Elementary School,2.0,DCPS,1,District of Columbia Public Schools,2018-2019,21110.0,14235.0,6875.0,6185728.0,331.0,2019-2020,22179.0,15981.0,6198.0,5630366.0,287.0,-0.048198746562063244
117,300,Powell Elementary School,2.0,DCPS,1,District of Columbia Public Schools,2018-2019,19845.0,12970.0,6875.0,9313280.0,535.0,2019-2020,20603.0,14405.0,6198.0,9610872.0,529.0,-0.036790758627384346
118,316,Randle Highlands Elementary School,2.0,DCPS,1,District of Columbia Public Schools,2018-2019,20405.0,13530.0,6875.0,5903576.0,329.0,2019-2020,18645.0,12447.0,6198.0,5631150.0,346.0,0.0943952802359882
119,302,Raymond Education Campus,3.0,DCPS,1,District of Columbia Public Schools,2018-2019,22003.0,15128.0,6875.0,10995948.0,558.0,2019-2020,21844.0,15647.0,6198.0,9978100.0,517.0,0.007278886650796457
120,304,River Terrace Education Campus,4.0,DCPS,1,District of Columbia Public Schools,2018-2019,44342.0,37467.0,6875.0,5450517.0,131.0,2019-2020,49325.0,43128.0,6198.0,5912704.0,128.0,-0.10102382159148504
121,436,Ron Brown College Preparatory High School,4.0,DCPS,1,District of Columbia Public Schools,2018-2019,28544.0,21669.0,6875.0,6705612.0,261.0,2019-2020,33158.0,26961.0,6198.0,7534296.0,252.0,-0.13915193920019298
122,459,Roosevelt High School,4.0,DCPS,1,District of Columbia Public Schools,2018-2019,23889.0,17014.0,6875.0,13726245.0,645.0,2019-2020,22286.0,16088.0,6198.0,15307008.0,768.0,0.07192856501839717
123,456,Roosevelt STAY High School,4.0,DCPS (Alternative),1,District of Columbia Public Schools,2018-2019,14242.0,7367.0,6875.0,8134344.0,648.0,2019-2020,14964.0,8766.0,6198.0,10131954.0,761.0,-0.0482491312483293
124,305,Ross Elementary School,2.0,DCPS,1,District of Columbia Public Schools,2018-2019,19996.0,13121.0,6875.0,3414870.0,190.0,2019-2020,22210.0,16012.0,6198.0,3541593.0,177.0,-0.09968482665466005
125,307,Savoy Elementary School,2.0,DCPS,1,District of Columbia Public Schools,2018-2019,22808.0,15933.0,6875.0,5543034.0,271.0,2019-2020,22160.0,15962.0,6198.0,5196650.0,265.0,0.02924187725631766
126,409,School Without Walls @ Francis-Stevens,3.0,DCPS,1,District of Columbia Public Schools,2018-2019,20096.0,13221.0,6875.0,8672056.0,472.0,2019-2020,19833.0,13635.0,6198.0,9783720.0,540.0,0.013260727071043199
127,466,School Without Walls High School,4.0,DCPS,1,District of Columbia Public Schools,2018-2019,16893.0,10018.0,6875.0,8579856.0,592.0,2019-2020,17847.0,11650.0,6198.0,9542286.0,591.0,-0.05345436207766008
128,175,School-Within-School @ Goding,2.0,DCPS,1,District of Columbia Public Schools,2018-2019,20573.0,13698.0,6875.0,5871567.0,313.0,2019-2020,21674.0,15477.0,6198.0,6270894.0,317.0,-0.05079819138137864
129,309,Seaton Elementary School,2.0,DCPS,1,District of Columbia Public Schools,2018-2019,22624.0,15749.0,6875.0,7941960.0,390.0,2019-2020,23378.0,17181.0,6198.0,8248284.0,393.0,-0.03225254512789799
130,313,Shepherd Elementary School,2.0,DCPS,1,District of Columbia Public Schools,2018-2019,16732.0,9857.0,6875.0,5671735.0,379.0,2019-2020,18516.0,12318.0,6198.0,6186796.0,371.0,-0.09634910347807302
131,315,Simon Elementary School,2.0,DCPS,1,District of Columbia Public Schools,2018-2019,22475.0,15600.0,6875.0,4828435.0,241.0,2019-2020,23087.0,16889.0,6198.0,5147538.0,253.0,-0.026508424654567486
132,322,Smothers Elementary School,2.0,DCPS,1,District of Columbia Public Schools,2018-2019,22734.0,15859.0,6875.0,4981494.0,249.0,2019-2020,23498.0,17301.0,6198.0,5021016.0,247.0,-0.032513405396203954
133,427,Sousa Middle School,3.0,DCPS,1,District of Columbia Public Schools,2018-2019,22939.0,16064.0,6875.0,4920828.0,242.0,2019-2020,23425.0,17228.0,6198.0,5773642.0,289.0,-0.020747065101387352
134,319,Stanton Elementary School,2.0,DCPS,1,District of Columbia Public Schools,2018-2019,19070.0,12195.0,6875.0,7948292.0,473.0,2019-2020,20913.0,14715.0,6198.0,7904325.0,429.0,-0.08812700234304016
135,321,Stoddert Elementary School,2.0,DCPS,1,District of Columbia Public Schools,2018-2019,18367.0,11492.0,6875.0,7706635.0,463.0,2019-2020,17980.0,11783.0,6198.0,8017126.0,494.0,0.02152391546162402
136,428,Stuart-Hobson Middle School (Capitol Hill Cluster),3.0,DCPS,1,District of Columbia Public Schools,2018-2019,18565.0,11690.0,6875.0,7355708.0,454.0,2019-2020,19084.0,12886.0,6198.0,8338901.0,487.0,-0.027195556487109585
137,324,Takoma Education Campus,3.0,DCPS,1,District of Columbia Public Schools,2018-2019,20777.0,13903.0,6875.0,9408160.0,508.0,2019-2020,21681.0,15483.0,6198.0,10267068.0,532.0,-0.04169549375028825
138,325,Thomas Elementary School,2.0,DCPS,1,District of Columbia Public Schools,2018-2019,22482.0,15607.0,6875.0,7129820.0,355.0,2019-2020,23057.0,16859.0,6198.0,6550644.0,326.0,-0.02493819664310193
139,326,Thomson Elementary School,2.0,DCPS,1,District of Columbia Public Schools,2018-2019,20965.0,14090.0,6875.0,6161234.0,331.0,2019-2020,22438.0,16240.0,6198.0,6364480.0,320.0,-0.06564756217131651
140,327,Truesdell Education Campus,3.0,DCPS,1,District of Columbia Public Schools,2018-2019,19946.0,13071.0,6875.0,10681251.0,609.0,2019-2020,20807.0,14610.0,6198.0,10202205.0,565.0,-0.04138030470514731
141,328,Tubman Elementary School,2.0,DCPS,1,District of Columbia Public Schools,2018-2019,20733.0,13858.0,6875.0,10094708.0,548.0,2019-2020,20959.0,14761.0,6198.0,10565412.0,564.0,-0.010782957202156607
142,329,Turner Elementary School,2.0,DCPS,1,District of Columbia Public Schools,2018-2019,19375.0,12500.0,6875.0,8521065.0,497.0,2019-2020,18358.0,12160.0,6198.0,8097012.0,506.0,0.05539819152413128
143,330,Tyler Elementary School,2.0,DCPS,1,District of Columbia Public Schools,2018-2019,19659.0,12784.0,6875.0,8937984.0,512.0,2019-2020,19990.0,13792.0,6198.0,9281184.0,528.0,-0.016558279139569754
144,331,Van Ness Elementary School,2.0,DCPS,1,District of Columbia Public Schools,2018-2019,19277.0,12402.0,6875.0,4694760.0,270.0,2019-2020,19333.0,13135.0,6198.0,5593900.0,325.0,-0.0028966016655459503
145,332,Walker-Jones Education Campus,3.0,DCPS,1,District of Columbia Public Schools,2018-2019,21965.0,15090.0,6875.0,7555200.0,384.0,2019-2020,21734.0,15536.0,6198.0,7981920.0,414.0,0.010628508327965358
146,474,Washington Metropolitan High School,4.0,DCPS (Alternative),1,District of Columbia Public Schools,2018-2019,39233.0,32358.0,6875.0,4841872.0,136.0,2019-2020,29974.0,23777.0,6198.0,4285786.0,157.0,0.3089010475745646
147,333,Watkins Elementary School (Capitol Hill Cluster),2.0,DCPS,1,District of Columbia Public Schools,2018-2019,15828.0,8953.0,6875.0,6240420.0,444.0,2019-2020,15716.0,9519.0,6198.0,6223484.0,446.0,0.00712649529142273
148,336,West Education Campus,3.0,DCPS,1,District of Columbia Public Schools,2018-2019,20445.0,13570.0,6875.0,6088656.0,336.0,2019-2020,21720.0,15522.0,6198.0,6556482.0,342.0,-0.05870165745856348
149,335,Wheatley Education Campus,3.0,DCPS,1,District of Columbia Public Schools,2018-2019,21913.0,15038.0,6875.0,6096168.0,312.0,2019-2020,21268.0,15070.0,6198.0,6672546.0,354.0,0.03032725220989274
150,338,Whittier Education Campus,3.0,DCPS,1,District of Columbia Public Schools,2018-2019,22960.0,16085.0,6875.0,7302906.0,351.0,2019-2020,24285.0,18087.0,6198.0,8020524.0,366.0,-0.05456042824788965
151,463,Woodrow Wilson High School,4.0,DCPS,1,District of Columbia Public Schools,2018-2019,16519.0,9644.0,6875.0,26255724.0,1796.0,2019-2020,16800.0,10602.0,6198.0,27896544.0,1872.0,-0.016726190476190506
152,1206,E.L. Haynes PCS - Elementary School,2.0,Charter,116,E.L. Haynes PCS,2018-2019,22317.0,19328.0,2988.0,7318850.0,350.0,2019-2020,23830.0,19992.0,3838.0,7766664.0,348.0,-0.0634913973982375
153,1138,E.L. Haynes PCS - High School,4.0,Charter,116,E.L. Haynes PCS,2018-2019,23363.0,20235.0,3128.0,9544912.0,436.0,2019-2020,23815.0,19979.0,3835.0,9724108.0,436.0,-0.01897963468402264
154,146,E.L. Haynes PCS - Middle School,3.0,Charter,116,E.L. Haynes PCS,2018-2019,20871.0,18076.0,2795.0,6864156.0,351.0,2019-2020,20374.0,17093.0,3281.0,6716512.0,352.0,0.02439383528025907
155,195,Eagle Academy PCS - Congress Heights,2.0,Charter,117,Eagle Academy PCS,2018-2019,26862.0,24059.0,2803.0,15752836.0,682.0,2019-2020,28572.0,25005.0,3567.0,16811865.0,665.0,-0.05984880302393947
156,1125,Eagle Academy PCS - Fairlawn,2.0,Charter,117,Eagle Academy PCS,2018-2019,26862.0,24059.0,2803.0,3578172.0,156.0,2019-2020,25856.0,22629.0,3228.0,3889260.0,170.0,0.03890779702970293
157,138,Early Childhood Academy PCS,2.0,Charter,118,Early Childhood Academy PCS,2018-2019,23318.0,,,4674362.0,254.0,2019-2020,23681.0,,,6234945.0,285.0,-0.01532874456315192
158,159,Elsie Whitlow Stokes Community Freedom PCS - Brookland,2.0,Charter,144,Elsie Whitlow Stokes Community Freedom PCS,2018-2019,16482.0,14564.0,1918.0,5216400.0,350.0,2019-2020,21083.0,17704.0,3379.0,7010185.0,355.0,-0.2182326993312147
159,1059,Elsie Whitlow Stokes Community Freedom PCS - East End,1.0,Charter,144,Elsie Whitlow Stokes Community Freedom PCS,2018-2019,18518.0,13219.0,5300.0,2121756.0,134.0,2019-2020,19497.0,14925.0,4572.0,3426492.0,183.0,-0.050212853259475776
160,269,Friendship PCS - Armstrong Elementary,2.0,Charter,120,Friendship PCS,2018-2019,19924.0,17011.0,2913.0,6811386.0,401.0,2019-2020,21348.0,18519.0,2829.0,6236853.0,329.0,-0.06670414090312915
161,1140,Friendship PCS - Armstrong Middle,3.0,NRD,120,Friendship PCS,2018-2019,,,,,,2019-2020,21348.0,18519.0,2829.0,3239595.0,171.0,
162,361,Friendship PCS - Blow Pierce Elementary School,2.0,Charter,120,Friendship PCS,2018-2019,18095.0,15182.0,2913.0,5916310.0,395.0,2019-2020,19797.0,16968.0,2829.0,6279840.0,360.0,-0.08597262211446177
163,362,Friendship PCS - Blow Pierce Middle School,3.0,Charter,120,Friendship PCS,2018-2019,18095.0,15182.0,2913.0,3948642.0,249.0,2019-2020,19797.0,16968.0,2829.0,4219880.0,245.0,-0.08597262211446177
164,363,Friendship PCS - Chamberlain Elementary School,2.0,Charter,120,Friendship PCS,2018-2019,18276.0,15363.0,2913.0,5385312.0,368.0,2019-2020,19216.0,16387.0,2829.0,6295168.0,374.0,-0.048917568692755986
165,364,Friendship PCS - Chamberlain Middle School,3.0,Charter,120,Friendship PCS,2018-2019,18276.0,15363.0,2913.0,4950210.0,314.0,2019-2020,19216.0,16387.0,2829.0,5073065.0,305.0,-0.048917568692755986
166,186,Friendship PCS - Collegiate Academy,4.0,Charter,120,Friendship PCS,2018-2019,23509.0,20596.0,2913.0,11255209.0,553.0,2019-2020,25499.0,22670.0,2829.0,11689588.0,508.0,-0.07804227616769288
167,1083,Friendship PCS - Ideal Elementary,2.0,NRD,120,Friendship PCS,2018-2019,,,,,,2019-2020,25066.0,22237.0,2829.0,1977030.0,99.0,
168,1084,Friendship PCS - Ideal MS,3.0,NRD,120,Friendship PCS,2018-2019,,,,,,2019-2020,25066.0,22237.0,2829.0,1963332.0,98.0,
169,268,Friendship PCS - Online,3.0,Charter,120,Friendship PCS,2018-2019,18302.0,15389.0,2913.0,3437809.0,191.0,2019-2020,18556.0,15727.0,2829.0,3396288.0,196.0,-0.013688294891140318
170,113,Friendship PCS - Southeast Elementary School,2.0,Charter,120,Friendship PCS,2018-2019,18680.0,15767.0,2913.0,6524625.0,411.0,2019-2020,19996.0,17167.0,2829.0,6493932.0,393.0,-0.06581316263252646
171,1057,Friendship PCS - Southeast Middle School,3.0,Charter,120,Friendship PCS,2018-2019,20408.0,17495.0,2913.0,3143777.0,179.0,2019-2020,19996.0,17167.0,2829.0,4068594.0,246.0,0.02060412082416474
172,1164,Friendship PCS - Technology Preparatory High School,4.0,Charter,120,Friendship PCS,2018-2019,22919.0,20006.0,2913.0,5169150.0,270.0,2019-2020,26041.0,23212.0,2829.0,6494914.0,278.0,-0.11988786912944971
173,1124,Friendship PCS - Technology Preparatory Middle School,3.0,Charter,120,Friendship PCS,2018-2019,22919.0,20006.0,2913.0,2785668.0,138.0,2019-2020,26041.0,23212.0,2829.0,1553500.0,65.0,-0.11988786912944971
174,365,Friendship PCS - Woodridge Elementary School,2.0,Charter,120,Friendship PCS,2018-2019,19935.0,17022.0,2913.0,5027970.0,285.0,2019-2020,20788.0,17959.0,2829.0,5608800.0,304.0,-0.04103328843563592
175,366,Friendship PCS - Woodridge Middle School,3.0,Charter,120,Friendship PCS,2018-2019,19935.0,17022.0,2913.0,4004734.0,227.0,2019-2020,20788.0,17959.0,2829.0,4095900.0,222.0,-0.04103328843563592
176,297,Goodwill Excel Center PCS,4.0,Charter (Alternative),190,Goodwill Excel Center PCS,2018-2019,16041.0,,,5964178.0,374.0,2019-2020,16791.0,,,6325452.0,378.0,-0.044666785778095464
177,245,Harmony DC PCS - School of Excellence,2.0,Charter,180,Harmony DC PCS - School of Excellence,2018-2019,24606.0,,,2521344.0,112.0,2019-2020,24935.0,,,2474578.0,118.0,-0.013194305193503064
178,131,Hope Community PCS - Lamond,2.0,Charter,121,Hope Community PCS,2018-2019,23695.0,21124.0,2571.0,6130512.0,276.0,2019-2020,28322.0,25619.0,2703.0,6320808.0,234.0,-0.16337123084527927
179,114,Hope Community PCS - Tolson,3.0,Charter,121,Hope Community PCS,2018-2019,24434.0,21802.0,2633.0,10579680.0,465.0,2019-2020,21910.0,19256.0,2654.0,9838675.0,475.0,0.11519853947968972
180,115,Howard University Middle School of Mathematics and Science PCS,3.0,Charter,124,Howard University Middle School of Mathematics and Science PCS,2018-2019,24485.0,,,6505887.0,283.0,2019-2020,24982.0,,,6608610.0,291.0,-0.01989432391321755
181,163,IDEA PCS,4.0,Charter,126,IDEA PCS,2018-2019,25505.0,,,7607001.0,327.0,2019-2020,28450.0,,,7577002.0,289.0,-0.1035149384885764
182,200,Ingenuity Prep PCS,2.0,Charter,173,Ingenuity Prep PCS,2018-2019,22919.0,,,11750480.0,560.0,2019-2020,23992.0,,,14130571.0,637.0,-0.04472324108036008
183,3064,Inspired Teaching Demonstration PCS,3.0,Charter,165,Inspired Teaching Demonstration PCS,2018-2019,17551.0,,,7987180.0,470.0,2019-2020,19192.0,,,9091176.0,492.0,-0.08550437682367651
184,267,Kingsman Academy PCS,4.0,Charter (Alternative),186,Kingsman Academy PCS,2018-2019,29369.0,,,8284950.0,285.0,2019-2020,28792.0,,,6531822.0,242.0,0.020040288969157993
185,116,KIPP DC - AIM Academy PCS,3.0,Charter,129,KIPP DC PCS,2018-2019,19210.0,16782.0,2428.0,6663422.0,391.0,2019-2020,22301.0,18716.0,3586.0,8224895.0,413.0,-0.13860365006053543
186,236,KIPP DC - Arts and Technology Academy PCS,1.0,Charter,129,KIPP DC PCS,2018-2019,18678.0,16250.0,2428.0,5871456.0,348.0,2019-2020,20934.0,17349.0,3586.0,6430048.0,344.0,-0.10776726855832619
187,1123,KIPP DC - College Preparatory Academy PCS,4.0,Charter,129,KIPP DC PCS,2018-2019,23573.0,21145.0,2428.0,17265456.0,802.0,2019-2020,25132.0,21546.0,3586.0,18988740.0,820.0,-0.062032468565971666
188,209,KIPP DC - Connect Academy PCS,1.0,Charter,129,KIPP DC PCS,2018-2019,18810.0,16382.0,2428.0,5507150.0,323.0,2019-2020,21094.0,17509.0,3586.0,6109020.0,324.0,-0.10827723523276767
189,1122,KIPP DC - Discover Academy PCS,1.0,Charter,129,KIPP DC PCS,2018-2019,18109.0,15681.0,2428.0,5813742.0,354.0,2019-2020,20065.0,16479.0,3586.0,6547008.0,366.0,-0.09748317966608522
190,1129,KIPP DC - Grow Academy PCS,1.0,Charter,129,KIPP DC PCS,2018-2019,18818.0,16390.0,2428.0,5412996.0,318.0,2019-2020,20794.0,17209.0,3586.0,6017813.0,323.0,-0.09502741175339036
191,3071,KIPP DC - Heights Academy PCS,2.0,Charter,129,KIPP DC PCS,2018-2019,18763.0,16335.0,2428.0,7662270.0,462.0,2019-2020,20459.0,16873.0,3586.0,8489970.0,465.0,-0.08289750232171655
192,1085,KIPP DC - Honor Academy PCS,3.0,NRD,129,KIPP DC PCS,2018-2019,,,,,,2019-2020,24939.0,21354.0,3586.0,6327808.0,272.0,
193,189,KIPP DC - KEY Academy PCS,3.0,Charter,129,KIPP DC PCS,2018-2019,19265.0,16837.0,2428.0,5799096.0,337.0,2019-2020,20992.0,17407.0,3586.0,6653410.0,355.0,-0.08226943597560976
194,190,KIPP DC - Lead Academy PCS,2.0,Charter,129,KIPP DC PCS,2018-2019,17266.0,14838.0,2428.0,6083200.0,400.0,2019-2020,20056.0,16471.0,3586.0,7391835.0,411.0,-0.13911049062624647
195,132,KIPP DC - LEAP Academy PCS,1.0,Charter,129,KIPP DC PCS,2018-2019,20029.0,17602.0,2428.0,3598725.0,195.0,2019-2020,21574.0,17988.0,3586.0,3824382.0,199.0,-0.07161397979048856
196,242,KIPP DC - Northeast Academy PCS,3.0,Charter,129,KIPP DC PCS,2018-2019,19985.0,17557.0,2428.0,5935818.0,329.0,2019-2020,21915.0,18330.0,3586.0,6468330.0,330.0,-0.08806753365274922
197,1121,KIPP DC - Promise Academy PCS,2.0,Charter,129,KIPP DC PCS,2018-2019,18393.0,15965.0,2428.0,8295770.0,518.0,2019-2020,20039.0,16454.0,3586.0,9404033.0,529.0,-0.08213982733669345
198,237,KIPP DC - Quest Academy PCS,2.0,Charter,129,KIPP DC PCS,2018-2019,18443.0,16015.0,2428.0,6733728.0,412.0,2019-2020,21080.0,17494.0,3586.0,7660627.0,403.0,-0.12509487666034158
199,1086,KIPP DC - Somerset College Preparatory PCS,4.0,NRD,129,KIPP DC PCS,2018-2019,,,,,,2019-2020,31987.0,28401.0,3586.0,5069452.0,167.0,
200,214,KIPP DC - Spring Academy PCS,2.0,Charter,129,KIPP DC PCS,2018-2019,17759.0,15331.0,2428.0,6412833.0,411.0,2019-2020,20408.0,16822.0,3586.0,7420896.0,409.0,-0.12980203841630733
201,243,KIPP DC - Valor Academy PCS,3.0,Charter,129,KIPP DC PCS,2018-2019,19455.0,17027.0,2428.0,5833296.0,336.0,2019-2020,21803.0,18218.0,3586.0,6573087.0,333.0,-0.10769160207310924
202,121,KIPP DC - WILL Academy PCS,3.0,Charter,129,KIPP DC PCS,2018-2019,19991.0,17564.0,2428.0,5878416.0,328.0,2019-2020,21207.0,17622.0,3586.0,6405535.0,335.0,-0.05733955769321453
203,193,Latin American Montessori Bilingual PCS,2.0,Charter,130,Latin American Montessori Bilingual PCS,2018-2019,18933.0,,,8691760.0,476.0,2019-2020,23157.0,,,9406712.0,476.0,-0.1824070475450188
204,104,LAYC Career Academy PCS,,Charter,172,LAYC Career Academy PCS,2018-2019,22739.0,,,2786787.0,129.0,2019-2020,20402.0,,,2771720.0,140.0,0.11454759337319875
205,228,Lee Montessori PCS - Brookland,2.0,Charter,177,Lee Montessori PCS,2018-2019,23187.0,23187.0,0.0,4659690.0,210.0,2019-2020,23755.0,23755.0,0.0,5327464.0,236.0,-0.023910755630393576
206,1141,Lee Montessori PCS - East End,1.0,NRD,177,Lee Montessori PCS,2018-2019,,,,,,2019-2020,23755.0,23755.0,0.0,1693050.0,75.0,
207,135,Mary McLeod Bethune Day Academy PCS,3.0,Charter,132,Mary McLeod Bethune Day Academy PCS,2018-2019,21661.0,,,8075389.0,413.0,2019-2020,18839.0,,,7302249.0,423.0,0.14979563671107798
208,101,Maya Angelou PCS - High School,4.0,Charter (Alternative),133,Maya Angelou PCS,2018-2019,38480.0,36210.0,2270.0,7167861.0,201.0,2019-2020,36368.0,34373.0,1995.0,6545280.0,192.0,0.05807303123625163
209,137,Maya Angelou PCS - Young Adult Learning Center,,Charter,133,Maya Angelou PCS,2018-2019,18723.0,16453.0,2270.0,3041216.0,164.0,2019-2020,17032.0,15037.0,1995.0,2951298.0,177.0,0.09928370126820107
210,165,Meridian PCS,3.0,Charter,135,Meridian PCS,2018-2019,20487.0,,,12108762.0,642.0,2019-2020,22231.0,,,11977528.0,634.0,-0.07844901264000714
211,260,Monument Academy PCS,3.0,Charter (Alternative),184,Monument Academy PCS,2018-2019,72601.0,,,8872448.0,128.0,2019-2020,76132.0,,,6689670.0,102.0,-0.046379971628224714
212,3065,Mundo Verde Bilingual PCS,2.0,Charter,171,Mundo Verde Bilingual PCS,2018-2019,17961.0,17961.0,0.0,10172844.0,594.0,2019-2020,17603.0,13440.0,4163.0,10481982.0,606.0,0.02033744248139513
213,1088,Mundo Verde Bilingual PCS - 4401 8th Street NE Campus,1.0,NRD,171,Mundo Verde Bilingual PCS,2018-2019,,,,,,2019-2020,22862.0,18218.0,4644.0,5891980.0,268.0,
214,1120,National Collegiate Preparatory PCHS,4.0,Charter,163,National Collegiate Preparatory PCHS,2018-2019,24015.0,,,5513256.0,252.0,2019-2020,,,,,,0.0
215,222,Paul PCS - International High School,4.0,Charter,138,Paul PCS,2018-2019,23433.0,10641.0,12792.0,10334625.0,465.0,2019-2020,25719.0,23060.0,2660.0,10475591.0,427.0,-0.08888370465414674
216,170,Paul PCS - Middle School,3.0,Charter,138,Paul PCS,2018-2019,23945.0,11153.0,12792.0,5997180.0,262.0,2019-2020,19337.0,17337.0,2000.0,5902400.0,320.0,0.23829963282825672
217,161,Perry Street Preparatory PCS,3.0,Charter,125,Perry Street Preparatory PCS,2018-2019,23572.0,,,7983718.0,367.0,2019-2020,23972.0,,,8824704.0,402.0,-0.01668613382279327
218,3067,Richard Wright PCS for Journalism and Media Arts,4.0,Charter,167,Richard Wright PCS for Journalism and Media Arts,2018-2019,20592.0,,,5593692.0,299.0,2019-2020,24576.0,,,6327852.0,303.0,-0.162109375
219,1016,Rocketship DC PCS - Legacy Prep,2.0,Charter,191,Rocketship DC PCS,2018-2019,22941.0,22175.0,766.0,10156783.0,467.0,2019-2020,22911.0,22392.0,519.0,12926048.0,596.0,0.0013094146916328153
220,286,Rocketship DC PCS - Rise Academy,2.0,Charter,191,Rocketship DC PCS,2018-2019,22463.0,21752.0,711.0,13034856.0,618.0,2019-2020,20520.0,19962.0,558.0,13504200.0,710.0,0.09468810916179327
221,173,Roots PCS,2.0,Charter,140,Roots PCS,2018-2019,20026.0,,,1981511.0,109.0,2019-2020,19340.0,,,2172360.0,120.0,0.03547052740434342
222,174,SEED PCS of Washington DC,4.0,Charter,142,SEED PCS of Washington DC,2018-2019,47671.0,,,13538564.0,284.0,2019-2020,49334.0,,,11692158.0,237.0,-0.0337090039323793
223,197,Sela PCS,2.0,Charter,174,Sela PCS,2018-2019,20086.0,,,4365885.0,229.0,2019-2020,20017.0,,,4589401.0,233.0,0.0034470699905080338
224,3066,Shining Stars Montessori Academy PCS,2.0,Charter,166,Shining Stars Montessori Academy PCS,2018-2019,19108.0,,,5226045.0,285.0,2019-2020,17953.0,,,5077835.0,295.0,0.06433465159026341
225,1047,St. Coletta Special Education PCS,4.0,Charter,143,St. Coletta Special Education PCS,2018-2019,73561.0,,,18275000.0,250.0,2019-2020,75624.0,,,18855750.0,250.0,-0.027279699566275295
226,1037,Statesmen College Preparatory Academy for Boys PCS,2.0,Charter,314,Statesmen College Preparatory Academy for Boys PCS,2018-2019,35143.0,,,1674456.0,56.0,2019-2020,24547.0,,,2693340.0,130.0,0.43166171018861776
227,255,The Children's Guild PCS,3.0,Charter (Alternative),188,The Children's Guild PCS,2018-2019,35129.0,,,12351976.0,376.0,2019-2020,38221.0,,,11940494.0,331.0,-0.08089793568980408
228,1036,The Family Place PCS,,Charter,303,The Family Place PCS,2018-2019,7975.0,,,1060675.0,133.0,2019-2020,10021.0,,,1322772.0,132.0,-0.2041712403951701
229,168,The Next Step El Proximo Paso PCS,,Charter,145,The Next Step El Proximo Paso PCS,2018-2019,23134.0,,,8520299.0,379.0,2019-2020,20400.0,,,8927931.0,447.0,0.13401960784313727
230,191,Thurgood Marshall Academy PCS,4.0,Charter,146,Thurgood Marshall Academy PCS,2018-2019,20402.0,,,7310408.0,392.0,2019-2020,21136.0,,,7279580.0,385.0,-0.03472747918243757
231,198,Two Rivers PCS - 4th St,3.0,Charter,149,Two Rivers PCS,2018-2019,19593.0,19593.0,0.0,9768000.0,528.0,2019-2020,20775.0,9072.0,11704.0,10393242.0,534.0,-0.05689530685920574
232,270,Two Rivers PCS - Young,2.0,Charter,149,Two Rivers PCS,2018-2019,18910.0,18910.0,0.0,6025468.0,332.0,2019-2020,20775.0,9072.0,11704.0,7415403.0,381.0,-0.08977135980746087
233,263,Washington Global PCS,3.0,Charter,185,Washington Global PCS,2018-2019,20828.0,,,4067712.0,216.0,2019-2020,21468.0,,,4488588.0,234.0,-0.02981181293087387
234,125,Washington Latin PCS - Middle School,3.0,Charter,151,Washington Latin PCS,2018-2019,16829.0,16829.0,0.0,6069480.0,370.0,2019-2020,18664.0,18664.0,0.0,6904863.0,381.0,-0.09831761680240036
235,1118,Washington Latin PCS - Upper School,4.0,Charter,151,Washington Latin PCS,2018-2019,19446.0,19446.0,0.0,6216912.0,328.0,2019-2020,22299.0,22299.0,0.0,7383332.0,341.0,-0.1279429570832773
236,283,Washington Leadership Academy PCS,4.0,Charter,194,Washington Leadership Academy PCS,2018-2019,20638.0,,,5845518.0,306.0,2019-2020,22494.0,,,8372628.0,396.0,-0.08251089179336712
237,1117,Washington Yu Ying PCS,2.0,Charter,160,Washington Yu Ying PCS,2018-2019,17242.0,,,9390207.0,569.0,2019-2020,18133.0,,,10062196.0,569.0,-0.04913693266420338
238,128,Youthbuild PCS,,Charter,131,Youthbuild PCS,2018-2019,23229.0,,,2365740.0,130.0,2019-2020,28158.0,,,2882150.0,118.0,-0.17504794374600474
