,Unnamed: 0_x,CODE,SCHOOL_x,TEST_TAKERS,AVG_READING_SCORE,AVG_MATH_SCORE,AVG_TOTAL,Unnamed: 0_y,SCHOOL_y,ETHNICITY,N_GRADS,GRAD_PERCENTAGE,YEAR,Unnamed: 0,state_x,year_x,distid_stateassigned_x,schoolid_stateassigned,distname_x,schoolname_x,ncesdistid_admin_x,ncesdistid_geo_x,census_id_x,ncesid_x,ncesenroll_x,gradespan_x,level_x,enroll_raw_DC_x,enrollmetric_x,pp_stloc_raw_DC_x,pp_fed_raw_DC_x,pp_total_raw_DC_x,pp_site_stloc_raw_DC_x,pp_site_fed_raw_DC_x,pp_site_raw_DC_x,pp_centshare_stloc_raw_DC_x,pp_centshare_fed_raw_DC_x,pp_centshare_raw_DC_x,schoolstloc_raw_DC_x,schoolfed_raw_DC_x,schooltot_raw_DC_x,pp_total_norm_NERDS_x,disttotwexclu_raw_DC_x,distexclu_raw_DC_x,schtype_raw_DC_x,ward_raw_DC_x,countenroll_x,noaudit_x,nositecen_x,adfinvars_x,distflex_x,flag_nerds_x,flag_f33_x,state_y,year_y,distid_stateassigned_y,distname_y,schoolname_y,ncesdistid_admin_y,ncesdistid_geo_y,census_id_y,ncesid_y,ncesenroll_y,gradespan_y,level_y,enroll_raw_DC_y,enrollmetric_y,pp_stloc_raw_DC_y,pp_fed_raw_DC_y,pp_total_raw_DC_y,pp_site_stloc_raw_DC_y,pp_site_fed_raw_DC_y,pp_site_raw_DC_y,pp_centshare_stloc_raw_DC_y,pp_centshare_fed_raw_DC_y,pp_centshare_raw_DC_y,schoolstloc_raw_DC_y,schoolfed_raw_DC_y,schooltot_raw_DC_y,pp_total_norm_NERDS_y,disttotwexclu_raw_DC_y,distexclu_raw_DC_y,schtype_raw_DC_y,ward_raw_DC_y,countenroll_y,noaudit_y,nositecen_y,adfinvars_y,distflex_y,flag_nerds_y,flag_f33_y
0,5,402,Benjamin Banneker HS,82,551,552,1104.0,5,Benjamin Banneker HS,All,108,1.0,2019,47,DC,2018-2019,1,402,District of Columbia Public Schools,Benjamin Banneker High School,1100030.0,1100030.0,9200100130100.0,110003000153.0,482.0,09-12,4.0,482,October Count Day,15622,2169,17790,10244,671,10915,5377,1498,6875,7529804,1045458,8574985,19883.95544,1004073502,4214636,DCPS,1,1,0,0,0,1,0,0,DC,2018-2019,1,District of Columbia Public Schools,Benjamin Banneker High School,1100030.0,1100030.0,9200100130100.0,110003000153.0,482.0,09-12,4.0,482,October Count Day,15622,2169,17790,10244,671,10915,5377,1498,6875,7529804,1045458,8574985,19883.95544,1004073502,4214636,DCPS,1,1,0,0,0,1,0,0
1,5,402,Benjamin Banneker HS,82,551,552,1104.0,5,Benjamin Banneker HS,All,113,1.0,2021,47,DC,2018-2019,1,402,District of Columbia Public Schools,Benjamin Banneker High School,1100030.0,1100030.0,9200100130100.0,110003000153.0,482.0,09-12,4.0,482,October Count Day,15622,2169,17790,10244,671,10915,5377,1498,6875,7529804,1045458,8574985,19883.95544,1004073502,4214636,DCPS,1,1,0,0,0,1,0,0,DC,2018-2019,1,District of Columbia Public Schools,Benjamin Banneker High School,1100030.0,1100030.0,9200100130100.0,110003000153.0,482.0,09-12,4.0,482,October Count Day,15622,2169,17790,10244,671,10915,5377,1498,6875,7529804,1045458,8574985,19883.95544,1004073502,4214636,DCPS,1,1,0,0,0,1,0,0
2,5,402,Benjamin Banneker HS,206,557,553,1110.9708251953125,5,Benjamin Banneker HS,All,108,1.0,2019,47,DC,2018-2019,1,402,District of Columbia Public Schools,Benjamin Banneker High School,1100030.0,1100030.0,9200100130100.0,110003000153.0,482.0,09-12,4.0,482,October Count Day,15622,2169,17790,10244,671,10915,5377,1498,6875,7529804,1045458,8574985,19883.95544,1004073502,4214636,DCPS,1,1,0,0,0,1,0,0,DC,2018-2019,1,District of Columbia Public Schools,Benjamin Banneker High School,1100030.0,1100030.0,9200100130100.0,110003000153.0,482.0,09-12,4.0,482,October Count Day,15622,2169,17790,10244,671,10915,5377,1498,6875,7529804,1045458,8574985,19883.95544,1004073502,4214636,DCPS,1,1,0,0,0,1,0,0
3,5,402,Benjamin Banneker HS,206,557,553,1110.9708251953125,5,Benjamin Banneker HS,All,113,1.0,2021,47,DC,2018-2019,1,402,District of Columbia Public Schools,Benjamin Banneker High School,1100030.0,1100030.0,9200100130100.0,110003000153.0,482.0,09-12,4.0,482,October Count Day,15622,2169,17790,10244,671,10915,5377,1498,6875,7529804,1045458,8574985,19883.95544,1004073502,4214636,DCPS,1,1,0,0,0,1,0,0,DC,2018-2019,1,District of Columbia Public Schools,Benjamin Banneker High School,1100030.0,1100030.0,9200100130100.0,110003000153.0,482.0,09-12,4.0,482,October Count Day,15622,2169,17790,10244,671,10915,5377,1498,6875,7529804,1045458,8574985,19883.95544,1004073502,4214636,DCPS,1,1,0,0,0,1,0,0
4,6,436,Ron Brown College Preparatory High School,2,435,405,840.0,15,Ron Brown College Preparatory High School,All,n < 10,,2019,122,DC,2018-2019,1,436,District of Columbia Public Schools,Ron Brown College Preparatory High School,1100030.0,1100030.0,9200100130100.0,110003000512.0,261.0,09-12,4.0,261,October Count Day,25692,2852,28544,20314,1354,21669,5377,1498,6875,6705612,744372,7449926,30637.95544,1004073502,4214636,DCPS,7,1,0,0,0,1,0,0,DC,2018-2019,1,District of Columbia Public Schools,Ron Brown College Preparatory High School,1100030.0,1100030.0,9200100130100.0,110003000512.0,261.0,09-12,4.0,261,October Count Day,25692,2852,28544,20314,1354,21669,5377,1498,6875,6705612,744372,7449926,30637.95544,1004073502,4214636,DCPS,7,1,0,0,0,1,0,0
5,6,436,Ron Brown College Preparatory High School,2,435,405,840.0,14,Ron Brown College Preparatory High School,All,42,0.7368421052631579,2021,122,DC,2018-2019,1,436,District of Columbia Public Schools,Ron Brown College Preparatory High School,1100030.0,1100030.0,9200100130100.0,110003000512.0,261.0,09-12,4.0,261,October Count Day,25692,2852,28544,20314,1354,21669,5377,1498,6875,6705612,744372,7449926,30637.95544,1004073502,4214636,DCPS,7,1,0,0,0,1,0,0,DC,2018-2019,1,District of Columbia Public Schools,Ron Brown College Preparatory High School,1100030.0,1100030.0,9200100130100.0,110003000512.0,261.0,09-12,4.0,261,October Count Day,25692,2852,28544,20314,1354,21669,5377,1498,6875,6705612,744372,7449926,30637.95544,1004073502,4214636,DCPS,7,1,0,0,0,1,0,0
6,6,436,Ron Brown College Preparatory High School,57,429,410,839.2982177734375,15,Ron Brown College Preparatory High School,All,n < 10,,2019,122,DC,2018-2019,1,436,District of Columbia Public Schools,Ron Brown College Preparatory High School,1100030.0,1100030.0,9200100130100.0,110003000512.0,261.0,09-12,4.0,261,October Count Day,25692,2852,28544,20314,1354,21669,5377,1498,6875,6705612,744372,7449926,30637.95544,1004073502,4214636,DCPS,7,1,0,0,0,1,0,0,DC,2018-2019,1,District of Columbia Public Schools,Ron Brown College Preparatory High School,1100030.0,1100030.0,9200100130100.0,110003000512.0,261.0,09-12,4.0,261,October Count Day,25692,2852,28544,20314,1354,21669,5377,1498,6875,6705612,744372,7449926,30637.95544,1004073502,4214636,DCPS,7,1,0,0,0,1,0,0
7,6,436,Ron Brown College Preparatory High School,57,429,410,839.2982177734375,14,Ron Brown College Preparatory High School,All,42,0.7368421052631579,2021,122,DC,2018-2019,1,436,District of Columbia Public Schools,Ron Brown College Preparatory High School,1100030.0,1100030.0,9200100130100.0,110003000512.0,261.0,09-12,4.0,261,October Count Day,25692,2852,28544,20314,1354,21669,5377,1498,6875,6705612,744372,7449926,30637.95544,1004073502,4214636,DCPS,7,1,0,0,0,1,0,0,DC,2018-2019,1,District of Columbia Public Schools,Ron Brown College Preparatory High School,1100030.0,1100030.0,9200100130100.0,110003000512.0,261.0,09-12,4.0,261,October Count Day,25692,2852,28544,20314,1354,21669,5377,1498,6875,6705612,744372,7449926,30637.95544,1004073502,4214636,DCPS,7,1,0,0,0,1,0,0
8,7,442,Columbia Heights EC (CHEC),102,425,419,845.0,19,Columbia Heights EC (CHEC),All,220,0.8148148148148148,2019,60,DC,2018-2019,1,442,District of Columbia Public Schools,Columbia Heights Education Campus,1100030.0,1100030.0,9200100130100.0,110003000396.0,1320.0,06-12,4.0,1320,October Count Day,15918,2587,18505,10540,1090,11630,5377,1498,6875,21011760,3414840,24426586,20598.95544,1004073502,4214636,DCPS,1,1,0,0,0,1,0,0,DC,2018-2019,1,District of Columbia Public Schools,Columbia Heights Education Campus,1100030.0,1100030.0,9200100130100.0,110003000396.0,1320.0,06-12,4.0,1320,October Count Day,15918,2587,18505,10540,1090,11630,5377,1498,6875,21011760,3414840,24426586,20598.95544,1004073502,4214636,DCPS,1,1,0,0,0,1,0,0
9,7,442,Columbia Heights EC (CHEC),102,425,419,845.0,19,Columbia Heights EC (CHEC),All,178,0.8018018018018018,2021,60,DC,2018-2019,1,442,District of Columbia Public Schools,Columbia Heights Education Campus,1100030.0,1100030.0,9200100130100.0,110003000396.0,1320.0,06-12,4.0,1320,October Count Day,15918,2587,18505,10540,1090,11630,5377,1498,6875,21011760,3414840,24426586,20598.95544,1004073502,4214636,DCPS,1,1,0,0,0,1,0,0,DC,2018-2019,1,District of Columbia Public Schools,Columbia Heights Education Campus,1100030.0,1100030.0,9200100130100.0,110003000396.0,1320.0,06-12,4.0,1320,October Count Day,15918,2587,18505,10540,1090,11630,5377,1498,6875,21011760,3414840,24426586,20598.95544,1004073502,4214636,DCPS,1,1,0,0,0,1,0,0
10,7,442,Columbia Heights EC (CHEC),371,444,428,873.2883911132812,19,Columbia Heights EC (CHEC),All,220,0.8148148148148148,2019,60,DC,2018-2019,1,442,District of Columbia Public Schools,Columbia Heights Education Campus,1100030.0,1100030.0,9200100130100.0,110003000396.0,1320.0,06-12,4.0,1320,October Count Day,15918,2587,18505,10540,1090,11630,5377,1498,6875,21011760,3414840,24426586,20598.95544,1004073502,4214636,DCPS,1,1,0,0,0,1,0,0,DC,2018-2019,1,District of Columbia Public Schools,Columbia Heights Education Campus,1100030.0,1100030.0,9200100130100.0,110003000396.0,1320.0,06-12,4.0,1320,October Count Day,15918,2587,18505,10540,1090,11630,5377,1498,6875,21011760,3414840,24426586,20598.95544,1004073502,4214636,DCPS,1,1,0,0,0,1,0,0
11,7,442,Columbia Heights EC (CHEC),371,444,428,873.2883911132812,19,Columbia Heights EC (CHEC),All,178,0.8018018018018018,2021,60,DC,2018-2019,1,442,District of Columbia Public Schools,Columbia Heights Education Campus,1100030.0,1100030.0,9200100130100.0,110003000396.0,1320.0,06-12,4.0,1320,October Count Day,15918,2587,18505,10540,1090,11630,5377,1498,6875,21011760,3414840,24426586,20598.95544,1004073502,4214636,DCPS,1,1,0,0,0,1,0,0,DC,2018-2019,1,District of Columbia Public Schools,Columbia Heights Education Campus,1100030.0,1100030.0,9200100130100.0,110003000396.0,1320.0,06-12,4.0,1320,October Count Day,15918,2587,18505,10540,1090,11630,5377,1498,6875,21011760,3414840,24426586,20598.95544,1004073502,4214636,DCPS,1,1,0,0,0,1,0,0
12,8,450,Anacostia HS,15,416,405,822.0,29,Anacostia HS,All,51,0.4903846153846153,2019,40,DC,2018-2019,1,450,District of Columbia Public Schools,Anacostia High School,1100030.0,1100030.0,9200100130100.0,110003000085.0,296.0,09-12,4.0,296,October Count Day,31600,3444,35043,26222,1946,28168,5377,1498,6875,9353600,1019424,10372772,37136.95544,1004073502,4214636,DCPS,8,1,0,0,0,1,0,0,DC,2018-2019,1,District of Columbia Public Schools,Anacostia High School,1100030.0,1100030.0,9200100130100.0,110003000085.0,296.0,09-12,4.0,296,October Count Day,31600,3444,35043,26222,1946,28168,5377,1498,6875,9353600,1019424,10372772,37136.95544,1004073502,4214636,DCPS,8,1,0,0,0,1,0,0
13,8,450,Anacostia HS,15,416,405,822.0,30,Anacostia HS,All,42,0.7368421052631579,2021,40,DC,2018-2019,1,450,District of Columbia Public Schools,Anacostia High School,1100030.0,1100030.0,9200100130100.0,110003000085.0,296.0,09-12,4.0,296,October Count Day,31600,3444,35043,26222,1946,28168,5377,1498,6875,9353600,1019424,10372772,37136.95544,1004073502,4214636,DCPS,8,1,0,0,0,1,0,0,DC,2018-2019,1,District of Columbia Public Schools,Anacostia High School,1100030.0,1100030.0,9200100130100.0,110003000085.0,296.0,09-12,4.0,296,October Count Day,31600,3444,35043,26222,1946,28168,5377,1498,6875,9353600,1019424,10372772,37136.95544,1004073502,4214636,DCPS,8,1,0,0,0,1,0,0
14,8,450,Anacostia HS,101,381,374,755.3465576171875,29,Anacostia HS,All,51,0.4903846153846153,2019,40,DC,2018-2019,1,450,District of Columbia Public Schools,Anacostia High School,1100030.0,1100030.0,9200100130100.0,110003000085.0,296.0,09-12,4.0,296,October Count Day,31600,3444,35043,26222,1946,28168,5377,1498,6875,9353600,1019424,10372772,37136.95544,1004073502,4214636,DCPS,8,1,0,0,0,1,0,0,DC,2018-2019,1,District of Columbia Public Schools,Anacostia High School,1100030.0,1100030.0,9200100130100.0,110003000085.0,296.0,09-12,4.0,296,October Count Day,31600,3444,35043,26222,1946,28168,5377,1498,6875,9353600,1019424,10372772,37136.95544,1004073502,4214636,DCPS,8,1,0,0,0,1,0,0
15,8,450,Anacostia HS,101,381,374,755.3465576171875,30,Anacostia HS,All,42,0.7368421052631579,2021,40,DC,2018-2019,1,450,District of Columbia Public Schools,Anacostia High School,1100030.0,1100030.0,9200100130100.0,110003000085.0,296.0,09-12,4.0,296,October Count Day,31600,3444,35043,26222,1946,28168,5377,1498,6875,9353600,1019424,10372772,37136.95544,1004073502,4214636,DCPS,8,1,0,0,0,1,0,0,DC,2018-2019,1,District of Columbia Public Schools,Anacostia High School,1100030.0,1100030.0,9200100130100.0,110003000085.0,296.0,09-12,4.0,296,October Count Day,31600,3444,35043,26222,1946,28168,5377,1498,6875,9353600,1019424,10372772,37136.95544,1004073502,4214636,DCPS,8,1,0,0,0,1,0,0
16,9,452,Ballou HS,10,379,383,762.0,38,Ballou HS,All,152,0.5823754789272031,2019,41,DC,2018-2019,1,452,District of Columbia Public Schools,Ballou High School,1100030.0,1100030.0,9200100130100.0,110003000084.0,650.0,09-12,4.0,650,October Count Day,20915,3604,24518,15537,2106,17643,5377,1498,6875,13594750,2342600,15936973,26611.95544,1004073502,4214636,DCPS,8,1,0,0,0,1,0,0,DC,2018-2019,1,District of Columbia Public Schools,Ballou High School,1100030.0,1100030.0,9200100130100.0,110003000084.0,650.0,09-12,4.0,650,October Count Day,20915,3604,24518,15537,2106,17643,5377,1498,6875,13594750,2342600,15936973,26611.95544,1004073502,4214636,DCPS,8,1,0,0,0,1,0,0
17,9,452,Ballou HS,10,379,383,762.0,36,Ballou HS,All,131,0.6968085106382979,2021,41,DC,2018-2019,1,452,District of Columbia Public Schools,Ballou High School,1100030.0,1100030.0,9200100130100.0,110003000084.0,650.0,09-12,4.0,650,October Count Day,20915,3604,24518,15537,2106,17643,5377,1498,6875,13594750,2342600,15936973,26611.95544,1004073502,4214636,DCPS,8,1,0,0,0,1,0,0,DC,2018-2019,1,District of Columbia Public Schools,Ballou High School,1100030.0,1100030.0,9200100130100.0,110003000084.0,650.0,09-12,4.0,650,October Count Day,20915,3604,24518,15537,2106,17643,5377,1498,6875,13594750,2342600,15936973,26611.95544,1004073502,4214636,DCPS,8,1,0,0,0,1,0,0
18,9,452,Ballou HS,240,396,381,778.5,38,Ballou HS,All,152,0.5823754789272031,2019,41,DC,2018-2019,1,452,District of Columbia Public Schools,Ballou High School,1100030.0,1100030.0,9200100130100.0,110003000084.0,650.0,09-12,4.0,650,October Count Day,20915,3604,24518,15537,2106,17643,5377,1498,6875,13594750,2342600,15936973,26611.95544,1004073502,4214636,DCPS,8,1,0,0,0,1,0,0,DC,2018-2019,1,District of Columbia Public Schools,Ballou High School,1100030.0,1100030.0,9200100130100.0,110003000084.0,650.0,09-12,4.0,650,October Count Day,20915,3604,24518,15537,2106,17643,5377,1498,6875,13594750,2342600,15936973,26611.95544,1004073502,4214636,DCPS,8,1,0,0,0,1,0,0
19,9,452,Ballou HS,240,396,381,778.5,36,Ballou HS,All,131,0.6968085106382979,2021,41,DC,2018-2019,1,452,District of Columbia Public Schools,Ballou High School,1100030.0,1100030.0,9200100130100.0,110003000084.0,650.0,09-12,4.0,650,October Count Day,20915,3604,24518,15537,2106,17643,5377,1498,6875,13594750,2342600,15936973,26611.95544,1004073502,4214636,DCPS,8,1,0,0,0,1,0,0,DC,2018-2019,1,District of Columbia Public Schools,Ballou High School,1100030.0,1100030.0,9200100130100.0,110003000084.0,650.0,09-12,4.0,650,October Count Day,20915,3604,24518,15537,2106,17643,5377,1498,6875,13594750,2342600,15936973,26611.95544,1004073502,4214636,DCPS,8,1,0,0,0,1,0,0
20,10,454,Cardozo EC,14,384,397,781.0,46,Cardozo EC,All,115,0.5299539170506913,2019,58,DC,2018-2019,1,454,District of Columbia Public Schools,Cardozo Education Campus,1100030.0,1100030.0,9200100130100.0,110003000082.0,746.0,06-12,4.0,746,October Count Day,21840,2699,24539,16463,1201,17664,5377,1498,6875,16292640,2013454,18306202,26632.95544,1004073502,4214636,DCPS,1,1,0,0,0,1,0,0,DC,2018-2019,1,District of Columbia Public Schools,Cardozo Education Campus,1100030.0,1100030.0,9200100130100.0,110003000082.0,746.0,06-12,4.0,746,October Count Day,21840,2699,24539,16463,1201,17664,5377,1498,6875,16292640,2013454,18306202,26632.95544,1004073502,4214636,DCPS,1,1,0,0,0,1,0,0
21,10,454,Cardozo EC,14,384,397,781.0,44,Cardozo EC,All,78,0.6666666666666666,2021,58,DC,2018-2019,1,454,District of Columbia Public Schools,Cardozo Education Campus,1100030.0,1100030.0,9200100130100.0,110003000082.0,746.0,06-12,4.0,746,October Count Day,21840,2699,24539,16463,1201,17664,5377,1498,6875,16292640,2013454,18306202,26632.95544,1004073502,4214636,DCPS,1,1,0,0,0,1,0,0,DC,2018-2019,1,District of Columbia Public Schools,Cardozo Education Campus,1100030.0,1100030.0,9200100130100.0,110003000082.0,746.0,06-12,4.0,746,October Count Day,21840,2699,24539,16463,1201,17664,5377,1498,6875,16292640,2013454,18306202,26632.95544,1004073502,4214636,DCPS,1,1,0,0,0,1,0,0
22,10,454,Cardozo EC,178,392,394,786.4044799804688,46,Cardozo EC,All,115,0.5299539170506913,2019,58,DC,2018-2019,1,454,District of Columbia Public Schools,Cardozo Education Campus,1100030.0,1100030.0,9200100130100.0,110003000082.0,746.0,06-12,4.0,746,October Count Day,21840,2699,24539,16463,1201,17664,5377,1498,6875,16292640,2013454,18306202,26632.95544,1004073502,4214636,DCPS,1,1,0,0,0,1,0,0,DC,2018-2019,1,District of Columbia Public Schools,Cardozo Education Campus,1100030.0,1100030.0,9200100130100.0,110003000082.0,746.0,06-12,4.0,746,October Count Day,21840,2699,24539,16463,1201,17664,5377,1498,6875,16292640,2013454,18306202,26632.95544,1004073502,4214636,DCPS,1,1,0,0,0,1,0,0
23,10,454,Cardozo EC,178,392,394,786.4044799804688,44,Cardozo EC,All,78,0.6666666666666666,2021,58,DC,2018-2019,1,454,District of Columbia Public Schools,Cardozo Education Campus,1100030.0,1100030.0,9200100130100.0,110003000082.0,746.0,06-12,4.0,746,October Count Day,21840,2699,24539,16463,1201,17664,5377,1498,6875,16292640,2013454,18306202,26632.95544,1004073502,4214636,DCPS,1,1,0,0,0,1,0,0,DC,2018-2019,1,District of Columbia Public Schools,Cardozo Education Campus,1100030.0,1100030.0,9200100130100.0,110003000082.0,746.0,06-12,4.0,746,October Count Day,21840,2699,24539,16463,1201,17664,5377,1498,6875,16292640,2013454,18306202,26632.95544,1004073502,4214636,DCPS,1,1,0,0,0,1,0,0
24,11,455,Coolidge HS,22,395,381,776.0,56,Coolidge HS,All,76,0.6608695652173913,2019,61,DC,2018-2019,1,455,District of Columbia Public Schools,Coolidge High School,1100030.0,1100030.0,9200100130100.0,110003000081.0,327.0,09-12,4.0,327,October Count Day,26469,3118,29588,21092,1621,22713,5377,1498,6875,8655363,1019586,9675156,31681.95544,1004073502,4214636,DCPS,4,1,0,0,0,1,0,0,DC,2018-2019,1,District of Columbia Public Schools,Coolidge High School,1100030.0,1100030.0,9200100130100.0,110003000081.0,327.0,09-12,4.0,327,October Count Day,26469,3118,29588,21092,1621,22713,5377,1498,6875,8655363,1019586,9675156,31681.95544,1004073502,4214636,DCPS,4,1,0,0,0,1,0,0
25,11,455,Coolidge HS,22,395,381,776.0,53,Coolidge HS,All,69,0.711340206185567,2021,61,DC,2018-2019,1,455,District of Columbia Public Schools,Coolidge High School,1100030.0,1100030.0,9200100130100.0,110003000081.0,327.0,09-12,4.0,327,October Count Day,26469,3118,29588,21092,1621,22713,5377,1498,6875,8655363,1019586,9675156,31681.95544,1004073502,4214636,DCPS,4,1,0,0,0,1,0,0,DC,2018-2019,1,District of Columbia Public Schools,Coolidge High School,1100030.0,1100030.0,9200100130100.0,110003000081.0,327.0,09-12,4.0,327,October Count Day,26469,3118,29588,21092,1621,22713,5377,1498,6875,8655363,1019586,9675156,31681.95544,1004073502,4214636,DCPS,4,1,0,0,0,1,0,0
26,11,455,Coolidge HS,126,401,387,789.2063598632812,56,Coolidge HS,All,76,0.6608695652173913,2019,61,DC,2018-2019,1,455,District of Columbia Public Schools,Coolidge High School,1100030.0,1100030.0,9200100130100.0,110003000081.0,327.0,09-12,4.0,327,October Count Day,26469,3118,29588,21092,1621,22713,5377,1498,6875,8655363,1019586,9675156,31681.95544,1004073502,4214636,DCPS,4,1,0,0,0,1,0,0,DC,2018-2019,1,District of Columbia Public Schools,Coolidge High School,1100030.0,1100030.0,9200100130100.0,110003000081.0,327.0,09-12,4.0,327,October Count Day,26469,3118,29588,21092,1621,22713,5377,1498,6875,8655363,1019586,9675156,31681.95544,1004073502,4214636,DCPS,4,1,0,0,0,1,0,0
27,11,455,Coolidge HS,126,401,387,789.2063598632812,53,Coolidge HS,All,69,0.711340206185567,2021,61,DC,2018-2019,1,455,District of Columbia Public Schools,Coolidge High School,1100030.0,1100030.0,9200100130100.0,110003000081.0,327.0,09-12,4.0,327,October Count Day,26469,3118,29588,21092,1621,22713,5377,1498,6875,8655363,1019586,9675156,31681.95544,1004073502,4214636,DCPS,4,1,0,0,0,1,0,0,DC,2018-2019,1,District of Columbia Public Schools,Coolidge High School,1100030.0,1100030.0,9200100130100.0,110003000081.0,327.0,09-12,4.0,327,October Count Day,26469,3118,29588,21092,1621,22713,5377,1498,6875,8655363,1019586,9675156,31681.95544,1004073502,4214636,DCPS,4,1,0,0,0,1,0,0
28,12,456,Roosevelt STAY,2,360,420,780.0,64,Roosevelt STAY,All,14,0.0828402366863905,2019,124,DC,2018-2019,1,456,District of Columbia Public Schools,Roosevelt STAY High School,1100030.0,1100030.0,9200100130100.0,110003000264.0,426.0,09-12,4.0,648,October Count Day,12553,1690,14242,7175,192,7367,5377,1498,6875,8134344,1095120,9229129,16335.95544,1004073502,4214636,DCPS (Alternative),4,1,0,0,0,1,0,0,DC,2018-2019,1,District of Columbia Public Schools,Roosevelt STAY High School,1100030.0,1100030.0,9200100130100.0,110003000264.0,426.0,09-12,4.0,648,October Count Day,12553,1690,14242,7175,192,7367,5377,1498,6875,8134344,1095120,9229129,16335.95544,1004073502,4214636,DCPS (Alternative),4,1,0,0,0,1,0,0
29,12,456,Roosevelt STAY,2,360,420,780.0,62,Roosevelt STAY HS,All,20,0.1273885350318471,2021,124,DC,2018-2019,1,456,District of Columbia Public Schools,Roosevelt STAY High School,1100030.0,1100030.0,9200100130100.0,110003000264.0,426.0,09-12,4.0,648,October Count Day,12553,1690,14242,7175,192,7367,5377,1498,6875,8134344,1095120,9229129,16335.95544,1004073502,4214636,DCPS (Alternative),4,1,0,0,0,1,0,0,DC,2018-2019,1,District of Columbia Public Schools,Roosevelt STAY High School,1100030.0,1100030.0,9200100130100.0,110003000264.0,426.0,09-12,4.0,648,October Count Day,12553,1690,14242,7175,192,7367,5377,1498,6875,8134344,1095120,9229129,16335.95544,1004073502,4214636,DCPS (Alternative),4,1,0,0,0,1,0,0
30,12,456,Roosevelt STAY,34,388,368,757.058837890625,64,Roosevelt STAY,All,14,0.0828402366863905,2019,124,DC,2018-2019,1,456,District of Columbia Public Schools,Roosevelt STAY High School,1100030.0,1100030.0,9200100130100.0,110003000264.0,426.0,09-12,4.0,648,October Count Day,12553,1690,14242,7175,192,7367,5377,1498,6875,8134344,1095120,9229129,16335.95544,1004073502,4214636,DCPS (Alternative),4,1,0,0,0,1,0,0,DC,2018-2019,1,District of Columbia Public Schools,Roosevelt STAY High School,1100030.0,1100030.0,9200100130100.0,110003000264.0,426.0,09-12,4.0,648,October Count Day,12553,1690,14242,7175,192,7367,5377,1498,6875,8134344,1095120,9229129,16335.95544,1004073502,4214636,DCPS (Alternative),4,1,0,0,0,1,0,0
31,12,456,Roosevelt STAY,34,388,368,757.058837890625,62,Roosevelt STAY HS,All,20,0.1273885350318471,2021,124,DC,2018-2019,1,456,District of Columbia Public Schools,Roosevelt STAY High School,1100030.0,1100030.0,9200100130100.0,110003000264.0,426.0,09-12,4.0,648,October Count Day,12553,1690,14242,7175,192,7367,5377,1498,6875,8134344,1095120,9229129,16335.95544,1004073502,4214636,DCPS (Alternative),4,1,0,0,0,1,0,0,DC,2018-2019,1,District of Columbia Public Schools,Roosevelt STAY High School,1100030.0,1100030.0,9200100130100.0,110003000264.0,426.0,09-12,4.0,648,October Count Day,12553,1690,14242,7175,192,7367,5377,1498,6875,8134344,1095120,9229129,16335.95544,1004073502,4214636,DCPS (Alternative),4,1,0,0,0,1,0,0
32,13,457,Eastern HS,28,450,416,866.0,73,Eastern HS,All,148,0.783068783068783,2019,67,DC,2018-2019,1,457,District of Columbia Public Schools,Eastern High School,1100030.0,1100030.0,9200100130100.0,110003000078.0,744.0,09-12,4.0,744,October Count Day,17896,3166,21062,12519,1668,14187,5377,1498,6875,13314624,2355504,15669996,23155.95544,1004073502,4214636,DCPS,6,1,0,0,0,1,0,0,DC,2018-2019,1,District of Columbia Public Schools,Eastern High School,1100030.0,1100030.0,9200100130100.0,110003000078.0,744.0,09-12,4.0,744,October Count Day,17896,3166,21062,12519,1668,14187,5377,1498,6875,13314624,2355504,15669996,23155.95544,1004073502,4214636,DCPS,6,1,0,0,0,1,0,0
33,13,457,Eastern HS,28,450,416,866.0,71,Eastern HS,All,116,0.725,2021,67,DC,2018-2019,1,457,District of Columbia Public Schools,Eastern High School,1100030.0,1100030.0,9200100130100.0,110003000078.0,744.0,09-12,4.0,744,October Count Day,17896,3166,21062,12519,1668,14187,5377,1498,6875,13314624,2355504,15669996,23155.95544,1004073502,4214636,DCPS,6,1,0,0,0,1,0,0,DC,2018-2019,1,District of Columbia Public Schools,Eastern High School,1100030.0,1100030.0,9200100130100.0,110003000078.0,744.0,09-12,4.0,744,October Count Day,17896,3166,21062,12519,1668,14187,5377,1498,6875,13314624,2355504,15669996,23155.95544,1004073502,4214636,DCPS,6,1,0,0,0,1,0,0
34,13,457,Eastern HS,296,415,398,813.3446044921875,73,Eastern HS,All,148,0.783068783068783,2019,67,DC,2018-2019,1,457,District of Columbia Public Schools,Eastern High School,1100030.0,1100030.0,9200100130100.0,110003000078.0,744.0,09-12,4.0,744,October Count Day,17896,3166,21062,12519,1668,14187,5377,1498,6875,13314624,2355504,15669996,23155.95544,1004073502,4214636,DCPS,6,1,0,0,0,1,0,0,DC,2018-2019,1,District of Columbia Public Schools,Eastern High School,1100030.0,1100030.0,9200100130100.0,110003000078.0,744.0,09-12,4.0,744,October Count Day,17896,3166,21062,12519,1668,14187,5377,1498,6875,13314624,2355504,15669996,23155.95544,1004073502,4214636,DCPS,6,1,0,0,0,1,0,0
35,13,457,Eastern HS,296,415,398,813.3446044921875,71,Eastern HS,All,116,0.725,2021,67,DC,2018-2019,1,457,District of Columbia Public Schools,Eastern High School,1100030.0,1100030.0,9200100130100.0,110003000078.0,744.0,09-12,4.0,744,October Count Day,17896,3166,21062,12519,1668,14187,5377,1498,6875,13314624,2355504,15669996,23155.95544,1004073502,4214636,DCPS,6,1,0,0,0,1,0,0,DC,2018-2019,1,District of Columbia Public Schools,Eastern High School,1100030.0,1100030.0,9200100130100.0,110003000078.0,744.0,09-12,4.0,744,October Count Day,17896,3166,21062,12519,1668,14187,5377,1498,6875,13314624,2355504,15669996,23155.95544,1004073502,4214636,DCPS,6,1,0,0,0,1,0,0
36,14,458,McKinley Technology HS,71,504,480,985.0,84,McKinley Technology HS,All,136,0.951048951048951,2019,106,DC,2018-2019,1,458,District of Columbia Public Schools,McKinley Technology High School,1100030.0,1100030.0,9200100130100.0,110003000267.0,633.0,09-12,4.0,633,October Count Day,16863,2934,19797,11485,1437,12922,5377,1498,6875,10674279,1857222,12531743,21890.95544,1004073502,4214636,DCPS,5,1,0,0,0,1,0,0,DC,2018-2019,1,District of Columbia Public Schools,McKinley Technology High School,1100030.0,1100030.0,9200100130100.0,110003000267.0,633.0,09-12,4.0,633,October Count Day,16863,2934,19797,11485,1437,12922,5377,1498,6875,10674279,1857222,12531743,21890.95544,1004073502,4214636,DCPS,5,1,0,0,0,1,0,0
37,14,458,McKinley Technology HS,71,504,480,985.0,81,McKinley Technology HS,All,153,0.9935064935064936,2021,106,DC,2018-2019,1,458,District of Columbia Public Schools,McKinley Technology High School,1100030.0,1100030.0,9200100130100.0,110003000267.0,633.0,09-12,4.0,633,October Count Day,16863,2934,19797,11485,1437,12922,5377,1498,6875,10674279,1857222,12531743,21890.95544,1004073502,4214636,DCPS,5,1,0,0,0,1,0,0,DC,2018-2019,1,District of Columbia Public Schools,McKinley Technology High School,1100030.0,1100030.0,9200100130100.0,110003000267.0,633.0,09-12,4.0,633,October Count Day,16863,2934,19797,11485,1437,12922,5377,1498,6875,10674279,1857222,12531743,21890.95544,1004073502,4214636,DCPS,5,1,0,0,0,1,0,0
38,14,458,McKinley Technology HS,270,504,500,1005.7036743164062,84,McKinley Technology HS,All,136,0.951048951048951,2019,106,DC,2018-2019,1,458,District of Columbia Public Schools,McKinley Technology High School,1100030.0,1100030.0,9200100130100.0,110003000267.0,633.0,09-12,4.0,633,October Count Day,16863,2934,19797,11485,1437,12922,5377,1498,6875,10674279,1857222,12531743,21890.95544,1004073502,4214636,DCPS,5,1,0,0,0,1,0,0,DC,2018-2019,1,District of Columbia Public Schools,McKinley Technology High School,1100030.0,1100030.0,9200100130100.0,110003000267.0,633.0,09-12,4.0,633,October Count Day,16863,2934,19797,11485,1437,12922,5377,1498,6875,10674279,1857222,12531743,21890.95544,1004073502,4214636,DCPS,5,1,0,0,0,1,0,0
39,14,458,McKinley Technology HS,270,504,500,1005.7036743164062,81,McKinley Technology HS,All,153,0.9935064935064936,2021,106,DC,2018-2019,1,458,District of Columbia Public Schools,McKinley Technology High School,1100030.0,1100030.0,9200100130100.0,110003000267.0,633.0,09-12,4.0,633,October Count Day,16863,2934,19797,11485,1437,12922,5377,1498,6875,10674279,1857222,12531743,21890.95544,1004073502,4214636,DCPS,5,1,0,0,0,1,0,0,DC,2018-2019,1,District of Columbia Public Schools,McKinley Technology High School,1100030.0,1100030.0,9200100130100.0,110003000267.0,633.0,09-12,4.0,633,October Count Day,16863,2934,19797,11485,1437,12922,5377,1498,6875,10674279,1857222,12531743,21890.95544,1004073502,4214636,DCPS,5,1,0,0,0,1,0,0
40,15,459,Roosevelt HS,38,424,404,828.0,95,Roosevelt HS,All,105,0.6402439024390244,2019,123,DC,2018-2019,1,459,District of Columbia Public Schools,Roosevelt High School,1100030.0,1100030.0,9200100130100.0,110003000008.0,645.0,09-12,4.0,645,October Count Day,21281,2608,23889,15904,1110,17014,5377,1498,6875,13726245,1682160,15408331,25982.95544,1004073502,4214636,DCPS,4,1,0,0,0,1,0,0,DC,2018-2019,1,District of Columbia Public Schools,Roosevelt High School,1100030.0,1100030.0,9200100130100.0,110003000008.0,645.0,09-12,4.0,645,October Count Day,21281,2608,23889,15904,1110,17014,5377,1498,6875,13726245,1682160,15408331,25982.95544,1004073502,4214636,DCPS,4,1,0,0,0,1,0,0
41,15,459,Roosevelt HS,38,424,404,828.0,92,Roosevelt HS,All,119,0.6611111111111111,2021,123,DC,2018-2019,1,459,District of Columbia Public Schools,Roosevelt High School,1100030.0,1100030.0,9200100130100.0,110003000008.0,645.0,09-12,4.0,645,October Count Day,21281,2608,23889,15904,1110,17014,5377,1498,6875,13726245,1682160,15408331,25982.95544,1004073502,4214636,DCPS,4,1,0,0,0,1,0,0,DC,2018-2019,1,District of Columbia Public Schools,Roosevelt High School,1100030.0,1100030.0,9200100130100.0,110003000008.0,645.0,09-12,4.0,645,October Count Day,21281,2608,23889,15904,1110,17014,5377,1498,6875,13726245,1682160,15408331,25982.95544,1004073502,4214636,DCPS,4,1,0,0,0,1,0,0
42,15,459,Roosevelt HS,199,422,401,823.9698486328125,95,Roosevelt HS,All,105,0.6402439024390244,2019,123,DC,2018-2019,1,459,District of Columbia Public Schools,Roosevelt High School,1100030.0,1100030.0,9200100130100.0,110003000008.0,645.0,09-12,4.0,645,October Count Day,21281,2608,23889,15904,1110,17014,5377,1498,6875,13726245,1682160,15408331,25982.95544,1004073502,4214636,DCPS,4,1,0,0,0,1,0,0,DC,2018-2019,1,District of Columbia Public Schools,Roosevelt High School,1100030.0,1100030.0,9200100130100.0,110003000008.0,645.0,09-12,4.0,645,October Count Day,21281,2608,23889,15904,1110,17014,5377,1498,6875,13726245,1682160,15408331,25982.95544,1004073502,4214636,DCPS,4,1,0,0,0,1,0,0
43,15,459,Roosevelt HS,199,422,401,823.9698486328125,92,Roosevelt HS,All,119,0.6611111111111111,2021,123,DC,2018-2019,1,459,District of Columbia Public Schools,Roosevelt High School,1100030.0,1100030.0,9200100130100.0,110003000008.0,645.0,09-12,4.0,645,October Count Day,21281,2608,23889,15904,1110,17014,5377,1498,6875,13726245,1682160,15408331,25982.95544,1004073502,4214636,DCPS,4,1,0,0,0,1,0,0,DC,2018-2019,1,District of Columbia Public Schools,Roosevelt High School,1100030.0,1100030.0,9200100130100.0,110003000008.0,645.0,09-12,4.0,645,October Count Day,21281,2608,23889,15904,1110,17014,5377,1498,6875,13726245,1682160,15408331,25982.95544,1004073502,4214636,DCPS,4,1,0,0,0,1,0,0
44,16,462,Ballou STAY,4,435,370,805.0,106,Ballou STAY,All,17,0.1259259259259259,2019,42,DC,2018-2019,1,462,District of Columbia Public Schools,Ballou STAY High School,1100030.0,1100030.0,9200100130100.0,110003000207.0,322.0,09-12,4.0,524,October Count Day,12970,1705,14675,7592,208,7800,5377,1498,6875,6796280,893420,7689616,16768.95544,1004073502,4214636,DCPS (Alternative),8,1,0,0,0,1,0,0,DC,2018-2019,1,District of Columbia Public Schools,Ballou STAY High School,1100030.0,1100030.0,9200100130100.0,110003000207.0,322.0,09-12,4.0,524,October Count Day,12970,1705,14675,7592,208,7800,5377,1498,6875,6796280,893420,7689616,16768.95544,1004073502,4214636,DCPS (Alternative),8,1,0,0,0,1,0,0
45,16,462,Ballou STAY,4,435,370,805.0,103,Ballou STAY HS,All,n < 10,,2021,42,DC,2018-2019,1,462,District of Columbia Public Schools,Ballou STAY High School,1100030.0,1100030.0,9200100130100.0,110003000207.0,322.0,09-12,4.0,524,October Count Day,12970,1705,14675,7592,208,7800,5377,1498,6875,6796280,893420,7689616,16768.95544,1004073502,4214636,DCPS (Alternative),8,1,0,0,0,1,0,0,DC,2018-2019,1,District of Columbia Public Schools,Ballou STAY High School,1100030.0,1100030.0,9200100130100.0,110003000207.0,322.0,09-12,4.0,524,October Count Day,12970,1705,14675,7592,208,7800,5377,1498,6875,6796280,893420,7689616,16768.95544,1004073502,4214636,DCPS (Alternative),8,1,0,0,0,1,0,0
46,16,462,Ballou STAY,25,401,376,777.5999755859375,106,Ballou STAY,All,17,0.1259259259259259,2019,42,DC,2018-2019,1,462,District of Columbia Public Schools,Ballou STAY High School,1100030.0,1100030.0,9200100130100.0,110003000207.0,322.0,09-12,4.0,524,October Count Day,12970,1705,14675,7592,208,7800,5377,1498,6875,6796280,893420,7689616,16768.95544,1004073502,4214636,DCPS (Alternative),8,1,0,0,0,1,0,0,DC,2018-2019,1,District of Columbia Public Schools,Ballou STAY High School,1100030.0,1100030.0,9200100130100.0,110003000207.0,322.0,09-12,4.0,524,October Count Day,12970,1705,14675,7592,208,7800,5377,1498,6875,6796280,893420,7689616,16768.95544,1004073502,4214636,DCPS (Alternative),8,1,0,0,0,1,0,0
47,16,462,Ballou STAY,25,401,376,777.5999755859375,103,Ballou STAY HS,All,n < 10,,2021,42,DC,2018-2019,1,462,District of Columbia Public Schools,Ballou STAY High School,1100030.0,1100030.0,9200100130100.0,110003000207.0,322.0,09-12,4.0,524,October Count Day,12970,1705,14675,7592,208,7800,5377,1498,6875,6796280,893420,7689616,16768.95544,1004073502,4214636,DCPS (Alternative),8,1,0,0,0,1,0,0,DC,2018-2019,1,District of Columbia Public Schools,Ballou STAY High School,1100030.0,1100030.0,9200100130100.0,110003000207.0,322.0,09-12,4.0,524,October Count Day,12970,1705,14675,7592,208,7800,5377,1498,6875,6796280,893420,7689616,16768.95544,1004073502,4214636,DCPS (Alternative),8,1,0,0,0,1,0,0
48,17,463,Woodrow Wilson HS,218,608,587,1196.0,115,Woodrow Wilson HS,All,417,0.8323353293413174,2019,152,DC,2018-2019,1,463,District of Columbia Public Schools,Woodrow Wilson High School,1100030.0,1100030.0,9200100130100.0,110003000133.0,1796.0,09-12,4.0,1796,October Count Day,14619,1900,16519,9241,402,9644,5377,1498,6875,26255724,3412400,29667606,18612.95544,1004073502,4214636,DCPS,3,1,0,0,0,1,0,0,DC,2018-2019,1,District of Columbia Public Schools,Woodrow Wilson High School,1100030.0,1100030.0,9200100130100.0,110003000133.0,1796.0,09-12,4.0,1796,October Count Day,14619,1900,16519,9241,402,9644,5377,1498,6875,26255724,3412400,29667606,18612.95544,1004073502,4214636,DCPS,3,1,0,0,0,1,0,0
49,17,463,Woodrow Wilson HS,218,608,587,1196.0,110,Woodrow Wilson HS,All,418,0.8874734607218684,2021,152,DC,2018-2019,1,463,District of Columbia Public Schools,Woodrow Wilson High School,1100030.0,1100030.0,9200100130100.0,110003000133.0,1796.0,09-12,4.0,1796,October Count Day,14619,1900,16519,9241,402,9644,5377,1498,6875,26255724,3412400,29667606,18612.95544,1004073502,4214636,DCPS,3,1,0,0,0,1,0,0,DC,2018-2019,1,District of Columbia Public Schools,Woodrow Wilson High School,1100030.0,1100030.0,9200100130100.0,110003000133.0,1796.0,09-12,4.0,1796,October Count Day,14619,1900,16519,9241,402,9644,5377,1498,6875,26255724,3412400,29667606,18612.95544,1004073502,4214636,DCPS,3,1,0,0,0,1,0,0
50,17,463,Woodrow Wilson HS,658,545,528,1074.939208984375,115,Woodrow Wilson HS,All,417,0.8323353293413174,2019,152,DC,2018-2019,1,463,District of Columbia Public Schools,Woodrow Wilson High School,1100030.0,1100030.0,9200100130100.0,110003000133.0,1796.0,09-12,4.0,1796,October Count Day,14619,1900,16519,9241,402,9644,5377,1498,6875,26255724,3412400,29667606,18612.95544,1004073502,4214636,DCPS,3,1,0,0,0,1,0,0,DC,2018-2019,1,District of Columbia Public Schools,Woodrow Wilson High School,1100030.0,1100030.0,9200100130100.0,110003000133.0,1796.0,09-12,4.0,1796,October Count Day,14619,1900,16519,9241,402,9644,5377,1498,6875,26255724,3412400,29667606,18612.95544,1004073502,4214636,DCPS,3,1,0,0,0,1,0,0
51,17,463,Woodrow Wilson HS,658,545,528,1074.939208984375,110,Woodrow Wilson HS,All,418,0.8874734607218684,2021,152,DC,2018-2019,1,463,District of Columbia Public Schools,Woodrow Wilson High School,1100030.0,1100030.0,9200100130100.0,110003000133.0,1796.0,09-12,4.0,1796,October Count Day,14619,1900,16519,9241,402,9644,5377,1498,6875,26255724,3412400,29667606,18612.95544,1004073502,4214636,DCPS,3,1,0,0,0,1,0,0,DC,2018-2019,1,District of Columbia Public Schools,Woodrow Wilson High School,1100030.0,1100030.0,9200100130100.0,110003000133.0,1796.0,09-12,4.0,1796,October Count Day,14619,1900,16519,9241,402,9644,5377,1498,6875,26255724,3412400,29667606,18612.95544,1004073502,4214636,DCPS,3,1,0,0,0,1,0,0
52,18,464,Woodson H.D. HS,14,397,385,782.0,128,"Woodson, H.D. HS",All,118,0.6555555555555556,2019,74,DC,2018-2019,1,464,District of Columbia Public Schools,H.D. Woodson High School,1100030.0,1100030.0,9200100130100.0,110003000055.0,455.0,09-12,4.0,455,October Count Day,23825,3401,27226,18447,1903,20351,5377,1498,6875,10840375,1547455,12387610,29319.95544,1004073502,4214636,DCPS,7,1,0,0,0,1,0,0,DC,2018-2019,1,District of Columbia Public Schools,H.D. Woodson High School,1100030.0,1100030.0,9200100130100.0,110003000055.0,455.0,09-12,4.0,455,October Count Day,23825,3401,27226,18447,1903,20351,5377,1498,6875,10840375,1547455,12387610,29319.95544,1004073502,4214636,DCPS,7,1,0,0,0,1,0,0
53,18,464,Woodson H.D. HS,14,397,385,782.0,122,"Woodson, H.D. HS",All,75,0.7075471698113207,2021,74,DC,2018-2019,1,464,District of Columbia Public Schools,H.D. Woodson High School,1100030.0,1100030.0,9200100130100.0,110003000055.0,455.0,09-12,4.0,455,October Count Day,23825,3401,27226,18447,1903,20351,5377,1498,6875,10840375,1547455,12387610,29319.95544,1004073502,4214636,DCPS,7,1,0,0,0,1,0,0,DC,2018-2019,1,District of Columbia Public Schools,H.D. Woodson High School,1100030.0,1100030.0,9200100130100.0,110003000055.0,455.0,09-12,4.0,455,October Count Day,23825,3401,27226,18447,1903,20351,5377,1498,6875,10840375,1547455,12387610,29319.95544,1004073502,4214636,DCPS,7,1,0,0,0,1,0,0
54,18,464,"Woodson, H.D. HS",230,403,380,783.95654296875,128,"Woodson, H.D. HS",All,118,0.6555555555555556,2019,74,DC,2018-2019,1,464,District of Columbia Public Schools,H.D. Woodson High School,1100030.0,1100030.0,9200100130100.0,110003000055.0,455.0,09-12,4.0,455,October Count Day,23825,3401,27226,18447,1903,20351,5377,1498,6875,10840375,1547455,12387610,29319.95544,1004073502,4214636,DCPS,7,1,0,0,0,1,0,0,DC,2018-2019,1,District of Columbia Public Schools,H.D. Woodson High School,1100030.0,1100030.0,9200100130100.0,110003000055.0,455.0,09-12,4.0,455,October Count Day,23825,3401,27226,18447,1903,20351,5377,1498,6875,10840375,1547455,12387610,29319.95544,1004073502,4214636,DCPS,7,1,0,0,0,1,0,0
55,18,464,"Woodson, H.D. HS",230,403,380,783.95654296875,122,"Woodson, H.D. HS",All,75,0.7075471698113207,2021,74,DC,2018-2019,1,464,District of Columbia Public Schools,H.D. Woodson High School,1100030.0,1100030.0,9200100130100.0,110003000055.0,455.0,09-12,4.0,455,October Count Day,23825,3401,27226,18447,1903,20351,5377,1498,6875,10840375,1547455,12387610,29319.95544,1004073502,4214636,DCPS,7,1,0,0,0,1,0,0,DC,2018-2019,1,District of Columbia Public Schools,H.D. Woodson High School,1100030.0,1100030.0,9200100130100.0,110003000055.0,455.0,09-12,4.0,455,October Count Day,23825,3401,27226,18447,1903,20351,5377,1498,6875,10840375,1547455,12387610,29319.95544,1004073502,4214636,DCPS,7,1,0,0,0,1,0,0
56,19,466,School Without Walls HS,157,663,637,1300.0,136,School Without Walls HS,All,146,0.9931972789115646,2019,128,DC,2018-2019,1,466,District of Columbia Public Schools,School Without Walls High School,1100030.0,1100030.0,9200100130100.0,110003000131.0,592.0,09-12,4.0,592,October Count Day,14493,2400,16893,9116,903,10018,5377,1498,6875,8579856,1420800,10000738,18986.95544,1004073502,4214636,DCPS,2,1,0,0,0,1,0,0,DC,2018-2019,1,District of Columbia Public Schools,School Without Walls High School,1100030.0,1100030.0,9200100130100.0,110003000131.0,592.0,09-12,4.0,592,October Count Day,14493,2400,16893,9116,903,10018,5377,1498,6875,8579856,1420800,10000738,18986.95544,1004073502,4214636,DCPS,2,1,0,0,0,1,0,0
57,19,466,School Without Walls HS,157,663,637,1300.0,140,School Without Walls HS,All,142,0.953020134228188,2021,128,DC,2018-2019,1,466,District of Columbia Public Schools,School Without Walls High School,1100030.0,1100030.0,9200100130100.0,110003000131.0,592.0,09-12,4.0,592,October Count Day,14493,2400,16893,9116,903,10018,5377,1498,6875,8579856,1420800,10000738,18986.95544,1004073502,4214636,DCPS,2,1,0,0,0,1,0,0,DC,2018-2019,1,District of Columbia Public Schools,School Without Walls High School,1100030.0,1100030.0,9200100130100.0,110003000131.0,592.0,09-12,4.0,592,October Count Day,14493,2400,16893,9116,903,10018,5377,1498,6875,8579856,1420800,10000738,18986.95544,1004073502,4214636,DCPS,2,1,0,0,0,1,0,0
58,19,466,School Without Walls HS,252,646,630,1277.261962890625,136,School Without Walls HS,All,146,0.9931972789115646,2019,128,DC,2018-2019,1,466,District of Columbia Public Schools,School Without Walls High School,1100030.0,1100030.0,9200100130100.0,110003000131.0,592.0,09-12,4.0,592,October Count Day,14493,2400,16893,9116,903,10018,5377,1498,6875,8579856,1420800,10000738,18986.95544,1004073502,4214636,DCPS,2,1,0,0,0,1,0,0,DC,2018-2019,1,District of Columbia Public Schools,School Without Walls High School,1100030.0,1100030.0,9200100130100.0,110003000131.0,592.0,09-12,4.0,592,October Count Day,14493,2400,16893,9116,903,10018,5377,1498,6875,8579856,1420800,10000738,18986.95544,1004073502,4214636,DCPS,2,1,0,0,0,1,0,0
59,19,466,School Without Walls HS,252,646,630,1277.261962890625,140,School Without Walls HS,All,142,0.953020134228188,2021,128,DC,2018-2019,1,466,District of Columbia Public Schools,School Without Walls High School,1100030.0,1100030.0,9200100130100.0,110003000131.0,592.0,09-12,4.0,592,October Count Day,14493,2400,16893,9116,903,10018,5377,1498,6875,8579856,1420800,10000738,18986.95544,1004073502,4214636,DCPS,2,1,0,0,0,1,0,0,DC,2018-2019,1,District of Columbia Public Schools,School Without Walls High School,1100030.0,1100030.0,9200100130100.0,110003000131.0,592.0,09-12,4.0,592,October Count Day,14493,2400,16893,9116,903,10018,5377,1498,6875,8579856,1420800,10000738,18986.95544,1004073502,4214636,DCPS,2,1,0,0,0,1,0,0
60,20,467,Dunbar HS,157,506,479,986.0,147,Dunbar HS,All,126,0.7590361445783133,2019,66,DC,2018-2019,1,467,District of Columbia Public Schools,Dunbar High School,1100030.0,1100030.0,9200100130100.0,110003000079.0,667.0,09-12,4.0,667,October Count Day,17420,2585,20005,12043,1087,13130,5377,1498,6875,11619140,1724195,13343448,22098.95544,1004073502,4214636,DCPS,5,1,0,0,0,1,0,0,DC,2018-2019,1,District of Columbia Public Schools,Dunbar High School,1100030.0,1100030.0,9200100130100.0,110003000079.0,667.0,09-12,4.0,667,October Count Day,17420,2585,20005,12043,1087,13130,5377,1498,6875,11619140,1724195,13343448,22098.95544,1004073502,4214636,DCPS,5,1,0,0,0,1,0,0
61,20,467,Dunbar HS,157,506,479,986.0,151,Dunbar HS,All,164,0.7454545454545455,2021,66,DC,2018-2019,1,467,District of Columbia Public Schools,Dunbar High School,1100030.0,1100030.0,9200100130100.0,110003000079.0,667.0,09-12,4.0,667,October Count Day,17420,2585,20005,12043,1087,13130,5377,1498,6875,11619140,1724195,13343448,22098.95544,1004073502,4214636,DCPS,5,1,0,0,0,1,0,0,DC,2018-2019,1,District of Columbia Public Schools,Dunbar High School,1100030.0,1100030.0,9200100130100.0,110003000079.0,667.0,09-12,4.0,667,October Count Day,17420,2585,20005,12043,1087,13130,5377,1498,6875,11619140,1724195,13343448,22098.95544,1004073502,4214636,DCPS,5,1,0,0,0,1,0,0
62,20,467,Dunbar HS,214,402,383,786.4953002929688,147,Dunbar HS,All,126,0.7590361445783133,2019,66,DC,2018-2019,1,467,District of Columbia Public Schools,Dunbar High School,1100030.0,1100030.0,9200100130100.0,110003000079.0,667.0,09-12,4.0,667,October Count Day,17420,2585,20005,12043,1087,13130,5377,1498,6875,11619140,1724195,13343448,22098.95544,1004073502,4214636,DCPS,5,1,0,0,0,1,0,0,DC,2018-2019,1,District of Columbia Public Schools,Dunbar High School,1100030.0,1100030.0,9200100130100.0,110003000079.0,667.0,09-12,4.0,667,October Count Day,17420,2585,20005,12043,1087,13130,5377,1498,6875,11619140,1724195,13343448,22098.95544,1004073502,4214636,DCPS,5,1,0,0,0,1,0,0
63,20,467,Dunbar HS,214,402,383,786.4953002929688,151,Dunbar HS,All,164,0.7454545454545455,2021,66,DC,2018-2019,1,467,District of Columbia Public Schools,Dunbar High School,1100030.0,1100030.0,9200100130100.0,110003000079.0,667.0,09-12,4.0,667,October Count Day,17420,2585,20005,12043,1087,13130,5377,1498,6875,11619140,1724195,13343448,22098.95544,1004073502,4214636,DCPS,5,1,0,0,0,1,0,0,DC,2018-2019,1,District of Columbia Public Schools,Dunbar High School,1100030.0,1100030.0,9200100130100.0,110003000079.0,667.0,09-12,4.0,667,October Count Day,17420,2585,20005,12043,1087,13130,5377,1498,6875,11619140,1724195,13343448,22098.95544,1004073502,4214636,DCPS,5,1,0,0,0,1,0,0
64,21,471,Duke Ellington School of the Arts,59,536,483,1020.0,156,Duke Ellington School of the Arts,All,111,0.9736842105263158,2019,65,DC,2018-2019,1,471,District of Columbia Public Schools,Duke Ellington School of the Arts,1100030.0,1100030.0,9200100130100.0,110003000016.0,545.0,09-12,4.0,545,October Count Day,14656,1520,16176,9278,23,9301,5377,1498,6875,7987520,828400,8815822,18269.95544,1004073502,4214636,DCPS,2,1,0,0,0,1,0,0,DC,2018-2019,1,District of Columbia Public Schools,Duke Ellington School of the Arts,1100030.0,1100030.0,9200100130100.0,110003000016.0,545.0,09-12,4.0,545,October Count Day,14656,1520,16176,9278,23,9301,5377,1498,6875,7987520,828400,8815822,18269.95544,1004073502,4214636,DCPS,2,1,0,0,0,1,0,0
65,21,471,Duke Ellington School of the Arts,59,536,483,1020.0,161,Duke Ellington School of the Arts,All,117,0.9915254237288136,2021,65,DC,2018-2019,1,471,District of Columbia Public Schools,Duke Ellington School of the Arts,1100030.0,1100030.0,9200100130100.0,110003000016.0,545.0,09-12,4.0,545,October Count Day,14656,1520,16176,9278,23,9301,5377,1498,6875,7987520,828400,8815822,18269.95544,1004073502,4214636,DCPS,2,1,0,0,0,1,0,0,DC,2018-2019,1,District of Columbia Public Schools,Duke Ellington School of the Arts,1100030.0,1100030.0,9200100130100.0,110003000016.0,545.0,09-12,4.0,545,October Count Day,14656,1520,16176,9278,23,9301,5377,1498,6875,7987520,828400,8815822,18269.95544,1004073502,4214636,DCPS,2,1,0,0,0,1,0,0
66,21,471,Duke Ellington School of the Arts,226,501,452,953.4071044921876,156,Duke Ellington School of the Arts,All,111,0.9736842105263158,2019,65,DC,2018-2019,1,471,District of Columbia Public Schools,Duke Ellington School of the Arts,1100030.0,1100030.0,9200100130100.0,110003000016.0,545.0,09-12,4.0,545,October Count Day,14656,1520,16176,9278,23,9301,5377,1498,6875,7987520,828400,8815822,18269.95544,1004073502,4214636,DCPS,2,1,0,0,0,1,0,0,DC,2018-2019,1,District of Columbia Public Schools,Duke Ellington School of the Arts,1100030.0,1100030.0,9200100130100.0,110003000016.0,545.0,09-12,4.0,545,October Count Day,14656,1520,16176,9278,23,9301,5377,1498,6875,7987520,828400,8815822,18269.95544,1004073502,4214636,DCPS,2,1,0,0,0,1,0,0
67,21,471,Duke Ellington School of the Arts,226,501,452,953.4071044921876,161,Duke Ellington School of the Arts,All,117,0.9915254237288136,2021,65,DC,2018-2019,1,471,District of Columbia Public Schools,Duke Ellington School of the Arts,1100030.0,1100030.0,9200100130100.0,110003000016.0,545.0,09-12,4.0,545,October Count Day,14656,1520,16176,9278,23,9301,5377,1498,6875,7987520,828400,8815822,18269.95544,1004073502,4214636,DCPS,2,1,0,0,0,1,0,0,DC,2018-2019,1,District of Columbia Public Schools,Duke Ellington School of the Arts,1100030.0,1100030.0,9200100130100.0,110003000016.0,545.0,09-12,4.0,545,October Count Day,14656,1520,16176,9278,23,9301,5377,1498,6875,7987520,828400,8815822,18269.95544,1004073502,4214636,DCPS,2,1,0,0,0,1,0,0
68,22,478,Phelps Architecture Construction and Engineering HS,15,448,426,874.0,175,"Phelps Architecture, Construction and Engineering HS",All,47,0.9591836734693876,2019,116,DC,2018-2019,1,478,District of Columbia Public Schools,"Phelps Architecture, Construction and Engineering High School",1100030.0,1100030.0,9200100130100.0,110003000407.0,265.0,09-12,4.0,265,October Count Day,22284,2544,24828,16907,1047,17953,5377,1498,6875,5905260,674160,6579475,26921.95544,1004073502,4214636,DCPS,5,1,0,0,0,1,0,0,DC,2018-2019,1,District of Columbia Public Schools,"Phelps Architecture, Construction and Engineering High School",1100030.0,1100030.0,9200100130100.0,110003000407.0,265.0,09-12,4.0,265,October Count Day,22284,2544,24828,16907,1047,17953,5377,1498,6875,5905260,674160,6579475,26921.95544,1004073502,4214636,DCPS,5,1,0,0,0,1,0,0
69,22,478,Phelps Architecture Construction and Engineering HS,15,448,426,874.0,179,"Phelps Architecture, Construction and Engineering HS",All,44,0.9565217391304348,2021,116,DC,2018-2019,1,478,District of Columbia Public Schools,"Phelps Architecture, Construction and Engineering High School",1100030.0,1100030.0,9200100130100.0,110003000407.0,265.0,09-12,4.0,265,October Count Day,22284,2544,24828,16907,1047,17953,5377,1498,6875,5905260,674160,6579475,26921.95544,1004073502,4214636,DCPS,5,1,0,0,0,1,0,0,DC,2018-2019,1,District of Columbia Public Schools,"Phelps Architecture, Construction and Engineering High School",1100030.0,1100030.0,9200100130100.0,110003000407.0,265.0,09-12,4.0,265,October Count Day,22284,2544,24828,16907,1047,17953,5377,1498,6875,5905260,674160,6579475,26921.95544,1004073502,4214636,DCPS,5,1,0,0,0,1,0,0
70,23,478,"Phelps Architecture, Construction and Engineering HS",113,436,414,850.35400390625,175,"Phelps Architecture, Construction and Engineering HS",All,47,0.9591836734693876,2019,116,DC,2018-2019,1,478,District of Columbia Public Schools,"Phelps Architecture, Construction and Engineering High School",1100030.0,1100030.0,9200100130100.0,110003000407.0,265.0,09-12,4.0,265,October Count Day,22284,2544,24828,16907,1047,17953,5377,1498,6875,5905260,674160,6579475,26921.95544,1004073502,4214636,DCPS,5,1,0,0,0,1,0,0,DC,2018-2019,1,District of Columbia Public Schools,"Phelps Architecture, Construction and Engineering High School",1100030.0,1100030.0,9200100130100.0,110003000407.0,265.0,09-12,4.0,265,October Count Day,22284,2544,24828,16907,1047,17953,5377,1498,6875,5905260,674160,6579475,26921.95544,1004073502,4214636,DCPS,5,1,0,0,0,1,0,0
71,23,478,"Phelps Architecture, Construction and Engineering HS",113,436,414,850.35400390625,179,"Phelps Architecture, Construction and Engineering HS",All,44,0.9565217391304348,2021,116,DC,2018-2019,1,478,District of Columbia Public Schools,"Phelps Architecture, Construction and Engineering High School",1100030.0,1100030.0,9200100130100.0,110003000407.0,265.0,09-12,4.0,265,October Count Day,22284,2544,24828,16907,1047,17953,5377,1498,6875,5905260,674160,6579475,26921.95544,1004073502,4214636,DCPS,5,1,0,0,0,1,0,0,DC,2018-2019,1,District of Columbia Public Schools,"Phelps Architecture, Construction and Engineering High School",1100030.0,1100030.0,9200100130100.0,110003000407.0,265.0,09-12,4.0,265,October Count Day,22284,2544,24828,16907,1047,17953,5377,1498,6875,5905260,674160,6579475,26921.95544,1004073502,4214636,DCPS,5,1,0,0,0,1,0,0
72,24,884,Luke C. Moore HS,5,364,342,706.0,184,Luke C. Moore HS,All,21,0.1448275862068965,2019,99,DC,2018-2019,1,884,District of Columbia Public Schools,Luke C. Moore High School,1100030.0,1100030.0,9200100130100.0,110003000198.0,288.0,09-12,4.0,288,October Count Day,17103,2506,19609,11726,1009,12734,5377,1498,6875,4925664,721728,5647418,21702.95544,1004073502,4214636,DCPS (Alternative),5,1,0,0,0,1,0,0,DC,2018-2019,1,District of Columbia Public Schools,Luke C. Moore High School,1100030.0,1100030.0,9200100130100.0,110003000198.0,288.0,09-12,4.0,288,October Count Day,17103,2506,19609,11726,1009,12734,5377,1498,6875,4925664,721728,5647418,21702.95544,1004073502,4214636,DCPS (Alternative),5,1,0,0,0,1,0,0
73,24,884,Luke C. Moore HS,5,364,342,706.0,199,Luke C. Moore HS,All,n < 10,,2021,99,DC,2018-2019,1,884,District of Columbia Public Schools,Luke C. Moore High School,1100030.0,1100030.0,9200100130100.0,110003000198.0,288.0,09-12,4.0,288,October Count Day,17103,2506,19609,11726,1009,12734,5377,1498,6875,4925664,721728,5647418,21702.95544,1004073502,4214636,DCPS (Alternative),5,1,0,0,0,1,0,0,DC,2018-2019,1,District of Columbia Public Schools,Luke C. Moore High School,1100030.0,1100030.0,9200100130100.0,110003000198.0,288.0,09-12,4.0,288,October Count Day,17103,2506,19609,11726,1009,12734,5377,1498,6875,4925664,721728,5647418,21702.95544,1004073502,4214636,DCPS (Alternative),5,1,0,0,0,1,0,0
74,24,884,Luke C. Moore HS,21,403,383,787.6190185546875,184,Luke C. Moore HS,All,21,0.1448275862068965,2019,99,DC,2018-2019,1,884,District of Columbia Public Schools,Luke C. Moore High School,1100030.0,1100030.0,9200100130100.0,110003000198.0,288.0,09-12,4.0,288,October Count Day,17103,2506,19609,11726,1009,12734,5377,1498,6875,4925664,721728,5647418,21702.95544,1004073502,4214636,DCPS (Alternative),5,1,0,0,0,1,0,0,DC,2018-2019,1,District of Columbia Public Schools,Luke C. Moore High School,1100030.0,1100030.0,9200100130100.0,110003000198.0,288.0,09-12,4.0,288,October Count Day,17103,2506,19609,11726,1009,12734,5377,1498,6875,4925664,721728,5647418,21702.95544,1004073502,4214636,DCPS (Alternative),5,1,0,0,0,1,0,0
75,24,884,Luke C. Moore HS,21,403,383,787.6190185546875,199,Luke C. Moore HS,All,n < 10,,2021,99,DC,2018-2019,1,884,District of Columbia Public Schools,Luke C. Moore High School,1100030.0,1100030.0,9200100130100.0,110003000198.0,288.0,09-12,4.0,288,October Count Day,17103,2506,19609,11726,1009,12734,5377,1498,6875,4925664,721728,5647418,21702.95544,1004073502,4214636,DCPS (Alternative),5,1,0,0,0,1,0,0,DC,2018-2019,1,District of Columbia Public Schools,Luke C. Moore High School,1100030.0,1100030.0,9200100130100.0,110003000198.0,288.0,09-12,4.0,288,October Count Day,17103,2506,19609,11726,1009,12734,5377,1498,6875,4925664,721728,5647418,21702.95544,1004073502,4214636,DCPS (Alternative),5,1,0,0,0,1,0,0
76,25,1058,Bard High School Early College DC (Bard DC) ,7,500,465,965.0,208,Bard High School Early College DC (Bard DC),All,15,1.0,2021,44,DC,2018-2019,1,1058,District of Columbia Public Schools,Bard HS Early College DC,1100030.0,1100030.0,9200100130100.0,110003000529.0,,09-11,4.0,NRD,October Count Day,NRD,NRD,NRD,NRD,NRD,NRD,NRD,NRD,NRD,NRD,NRD,NRD,,NRD,NRD,NRD,NRD,1,0,0,0,1,1,0,DC,2018-2019,1,District of Columbia Public Schools,Bard HS Early College DC,1100030.0,1100030.0,9200100130100.0,110003000529.0,,09-11,4.0,NRD,October Count Day,NRD,NRD,NRD,NRD,NRD,NRD,NRD,NRD,NRD,NRD,NRD,NRD,,1004073502,4214636,NRD,NRD,1,0,0,0,1,1,0
77,22,474,Washington Metropolitan HS,16,357,321,679.375,167,Washington Metropolitan HS,All,20,0.392156862745098,2019,147,DC,2018-2019,1,474,District of Columbia Public Schools,Washington Metropolitan High School,1100030.0,1100030.0,9200100130100.0,110003000397.0,136.0,07-12,4.0,136,October Count Day,35602,3631,39233,30225,2133,32358,5377,1498,6875,4841872,493816,5335667,41326.95544,1004073502,4214636,DCPS (Alternative),1,1,0,0,0,1,0,0,DC,2018-2019,1,District of Columbia Public Schools,Washington Metropolitan High School,1100030.0,1100030.0,9200100130100.0,110003000397.0,136.0,07-12,4.0,136,October Count Day,35602,3631,39233,30225,2133,32358,5377,1498,6875,4841872,493816,5335667,41326.95544,1004073502,4214636,DCPS (Alternative),1,1,0,0,0,1,0,0
78,22,474,Washington Metropolitan HS,16,357,321,679.375,173,Washington Metropolitan High School,All,n < 10,,2021,147,DC,2018-2019,1,474,District of Columbia Public Schools,Washington Metropolitan High School,1100030.0,1100030.0,9200100130100.0,110003000397.0,136.0,07-12,4.0,136,October Count Day,35602,3631,39233,30225,2133,32358,5377,1498,6875,4841872,493816,5335667,41326.95544,1004073502,4214636,DCPS (Alternative),1,1,0,0,0,1,0,0,DC,2018-2019,1,District of Columbia Public Schools,Washington Metropolitan High School,1100030.0,1100030.0,9200100130100.0,110003000397.0,136.0,07-12,4.0,136,October Count Day,35602,3631,39233,30225,2133,32358,5377,1498,6875,4841872,493816,5335667,41326.95544,1004073502,4214636,DCPS (Alternative),1,1,0,0,0,1,0,0
